date_key,full_date,day,month,month_name,quarter,year,week_of_year,day_of_week,is_weekend
1,01-01-2021,1,1,January,1,2021,53,Friday,FALSE
2,02-01-2021,2,1,January,1,2021,53,Saturday,TRUE
3,03-01-2021,3,1,January,1,2021,53,Sunday,TRUE
4,04-01-2021,4,1,January,1,2021,1,Monday,FALSE
5,05-01-2021,5,1,January,1,2021,1,Tuesday,FALSE
6,06-01-2021,6,1,January,1,2021,1,Wednesday,FALSE
7,07-01-2021,7,1,January,1,2021,1,Thursday,FALSE
8,08-01-2021,8,1,January,1,2021,1,Friday,FALSE
9,09-01-2021,9,1,January,1,2021,1,Saturday,TRUE
10,10-01-2021,10,1,January,1,2021,1,Sunday,TRUE
11,11-01-2021,11,1,January,1,2021,2,Monday,FALSE
12,12-01-2021,12,1,January,1,2021,2,Tuesday,FALSE
13,13-01-2021,13,1,January,1,2021,2,Wednesday,FALSE
14,14-01-2021,14,1,January,1,2021,2,Thursday,FALSE
15,15-01-2021,15,1,January,1,2021,2,Friday,FALSE
16,16-01-2021,16,1,January,1,2021,2,Saturday,TRUE
17,17-01-2021,17,1,January,1,2021,2,Sunday,TRUE
18,18-01-2021,18,1,January,1,2021,3,Monday,FALSE
19,19-01-2021,19,1,January,1,2021,3,Tuesday,FALSE
20,20-01-2021,20,1,January,1,2021,3,Wednesday,FALSE
21,21-01-2021,21,1,January,1,2021,3,Thursday,FALSE
22,22-01-2021,22,1,January,1,2021,3,Friday,FALSE
23,23-01-2021,23,1,January,1,2021,3,Saturday,TRUE
24,24-01-2021,24,1,January,1,2021,3,Sunday,TRUE
25,25-01-2021,25,1,January,1,2021,4,Monday,FALSE
26,26-01-2021,26,1,January,1,2021,4,Tuesday,FALSE
27,27-01-2021,27,1,January,1,2021,4,Wednesday,FALSE
28,28-01-2021,28,1,January,1,2021,4,Thursday,FALSE
29,29-01-2021,29,1,January,1,2021,4,Friday,FALSE
30,30-01-2021,30,1,January,1,2021,4,Saturday,TRUE
31,31-01-2021,31,1,January,1,2021,4,Sunday,TRUE
32,01-02-2021,1,2,February,1,2021,5,Monday,FALSE
33,02-02-2021,2,2,February,1,2021,5,Tuesday,FALSE
34,03-02-2021,3,2,February,1,2021,5,Wednesday,FALSE
35,04-02-2021,4,2,February,1,2021,5,Thursday,FALSE
36,05-02-2021,5,2,February,1,2021,5,Friday,FALSE
37,06-02-2021,6,2,February,1,2021,5,Saturday,TRUE
38,07-02-2021,7,2,February,1,2021,5,Sunday,TRUE
39,08-02-2021,8,2,February,1,2021,6,Monday,FALSE
40,09-02-2021,9,2,February,1,2021,6,Tuesday,FALSE
41,10-02-2021,10,2,February,1,2021,6,Wednesday,FALSE
42,11-02-2021,11,2,February,1,2021,6,Thursday,FALSE
43,12-02-2021,12,2,February,1,2021,6,Friday,FALSE
44,13-02-2021,13,2,February,1,2021,6,Saturday,TRUE
45,14-02-2021,14,2,February,1,2021,6,Sunday,TRUE
46,15-02-2021,15,2,February,1,2021,7,Monday,FALSE
47,16-02-2021,16,2,February,1,2021,7,Tuesday,FALSE
48,17-02-2021,17,2,February,1,2021,7,Wednesday,FALSE
49,18-02-2021,18,2,February,1,2021,7,Thursday,FALSE
50,19-02-2021,19,2,February,1,2021,7,Friday,FALSE
51,20-02-2021,20,2,February,1,2021,7,Saturday,TRUE
52,21-02-2021,21,2,February,1,2021,7,Sunday,TRUE
53,22-02-2021,22,2,February,1,2021,8,Monday,FALSE
54,23-02-2021,23,2,February,1,2021,8,Tuesday,FALSE
55,24-02-2021,24,2,February,1,2021,8,Wednesday,FALSE
56,25-02-2021,25,2,February,1,2021,8,Thursday,FALSE
57,26-02-2021,26,2,February,1,2021,8,Friday,FALSE
58,27-02-2021,27,2,February,1,2021,8,Saturday,TRUE
59,28-02-2021,28,2,February,1,2021,8,Sunday,TRUE
60,01-03-2021,1,3,March,1,2021,9,Monday,FALSE
61,02-03-2021,2,3,March,1,2021,9,Tuesday,FALSE
62,03-03-2021,3,3,March,1,2021,9,Wednesday,FALSE
63,04-03-2021,4,3,March,1,2021,9,Thursday,FALSE
64,05-03-2021,5,3,March,1,2021,9,Friday,FALSE
65,06-03-2021,6,3,March,1,2021,9,Saturday,TRUE
66,07-03-2021,7,3,March,1,2021,9,Sunday,TRUE
67,08-03-2021,8,3,March,1,2021,10,Monday,FALSE
68,09-03-2021,9,3,March,1,2021,10,Tuesday,FALSE
69,10-03-2021,10,3,March,1,2021,10,Wednesday,FALSE
70,11-03-2021,11,3,March,1,2021,10,Thursday,FALSE
71,12-03-2021,12,3,March,1,2021,10,Friday,FALSE
72,13-03-2021,13,3,March,1,2021,10,Saturday,TRUE
73,14-03-2021,14,3,March,1,2021,10,Sunday,TRUE
74,15-03-2021,15,3,March,1,2021,11,Monday,FALSE
75,16-03-2021,16,3,March,1,2021,11,Tuesday,FALSE
76,17-03-2021,17,3,March,1,2021,11,Wednesday,FALSE
77,18-03-2021,18,3,March,1,2021,11,Thursday,FALSE
78,19-03-2021,19,3,March,1,2021,11,Friday,FALSE
79,20-03-2021,20,3,March,1,2021,11,Saturday,TRUE
80,21-03-2021,21,3,March,1,2021,11,Sunday,TRUE
81,22-03-2021,22,3,March,1,2021,12,Monday,FALSE
82,23-03-2021,23,3,March,1,2021,12,Tuesday,FALSE
83,24-03-2021,24,3,March,1,2021,12,Wednesday,FALSE
84,25-03-2021,25,3,March,1,2021,12,Thursday,FALSE
85,26-03-2021,26,3,March,1,2021,12,Friday,FALSE
86,27-03-2021,27,3,March,1,2021,12,Saturday,TRUE
87,28-03-2021,28,3,March,1,2021,12,Sunday,TRUE
88,29-03-2021,29,3,March,1,2021,13,Monday,FALSE
89,30-03-2021,30,3,March,1,2021,13,Tuesday,FALSE
90,31-03-2021,31,3,March,1,2021,13,Wednesday,FALSE
91,01-04-2021,1,4,April,2,2021,13,Thursday,FALSE
92,02-04-2021,2,4,April,2,2021,13,Friday,FALSE
93,03-04-2021,3,4,April,2,2021,13,Saturday,TRUE
94,04-04-2021,4,4,April,2,2021,13,Sunday,TRUE
95,05-04-2021,5,4,April,2,2021,14,Monday,FALSE
96,06-04-2021,6,4,April,2,2021,14,Tuesday,FALSE
97,07-04-2021,7,4,April,2,2021,14,Wednesday,FALSE
98,08-04-2021,8,4,April,2,2021,14,Thursday,FALSE
99,09-04-2021,9,4,April,2,2021,14,Friday,FALSE
100,10-04-2021,10,4,April,2,2021,14,Saturday,TRUE
101,11-04-2021,11,4,April,2,2021,14,Sunday,TRUE
102,12-04-2021,12,4,April,2,2021,15,Monday,FALSE
103,13-04-2021,13,4,April,2,2021,15,Tuesday,FALSE
104,14-04-2021,14,4,April,2,2021,15,Wednesday,FALSE
105,15-04-2021,15,4,April,2,2021,15,Thursday,FALSE
106,16-04-2021,16,4,April,2,2021,15,Friday,FALSE
107,17-04-2021,17,4,April,2,2021,15,Saturday,TRUE
108,18-04-2021,18,4,April,2,2021,15,Sunday,TRUE
109,19-04-2021,19,4,April,2,2021,16,Monday,FALSE
110,20-04-2021,20,4,April,2,2021,16,Tuesday,FALSE
111,21-04-2021,21,4,April,2,2021,16,Wednesday,FALSE
112,22-04-2021,22,4,April,2,2021,16,Thursday,FALSE
113,23-04-2021,23,4,April,2,2021,16,Friday,FALSE
114,24-04-2021,24,4,April,2,2021,16,Saturday,TRUE
115,25-04-2021,25,4,April,2,2021,16,Sunday,TRUE
116,26-04-2021,26,4,April,2,2021,17,Monday,FALSE
117,27-04-2021,27,4,April,2,2021,17,Tuesday,FALSE
118,28-04-2021,28,4,April,2,2021,17,Wednesday,FALSE
119,29-04-2021,29,4,April,2,2021,17,Thursday,FALSE
120,30-04-2021,30,4,April,2,2021,17,Friday,FALSE
121,01-05-2021,1,5,May,2,2021,17,Saturday,TRUE
122,02-05-2021,2,5,May,2,2021,17,Sunday,TRUE
123,03-05-2021,3,5,May,2,2021,18,Monday,FALSE
124,04-05-2021,4,5,May,2,2021,18,Tuesday,FALSE
125,05-05-2021,5,5,May,2,2021,18,Wednesday,FALSE
126,06-05-2021,6,5,May,2,2021,18,Thursday,FALSE
127,07-05-2021,7,5,May,2,2021,18,Friday,FALSE
128,08-05-2021,8,5,May,2,2021,18,Saturday,TRUE
129,09-05-2021,9,5,May,2,2021,18,Sunday,TRUE
130,10-05-2021,10,5,May,2,2021,19,Monday,FALSE
131,11-05-2021,11,5,May,2,2021,19,Tuesday,FALSE
132,12-05-2021,12,5,May,2,2021,19,Wednesday,FALSE
133,13-05-2021,13,5,May,2,2021,19,Thursday,FALSE
134,14-05-2021,14,5,May,2,2021,19,Friday,FALSE
135,15-05-2021,15,5,May,2,2021,19,Saturday,TRUE
136,16-05-2021,16,5,May,2,2021,19,Sunday,TRUE
137,17-05-2021,17,5,May,2,2021,20,Monday,FALSE
138,18-05-2021,18,5,May,2,2021,20,Tuesday,FALSE
139,19-05-2021,19,5,May,2,2021,20,Wednesday,FALSE
140,20-05-2021,20,5,May,2,2021,20,Thursday,FALSE
141,21-05-2021,21,5,May,2,2021,20,Friday,FALSE
142,22-05-2021,22,5,May,2,2021,20,Saturday,TRUE
143,23-05-2021,23,5,May,2,2021,20,Sunday,TRUE
144,24-05-2021,24,5,May,2,2021,21,Monday,FALSE
145,25-05-2021,25,5,May,2,2021,21,Tuesday,FALSE
146,26-05-2021,26,5,May,2,2021,21,Wednesday,FALSE
147,27-05-2021,27,5,May,2,2021,21,Thursday,FALSE
148,28-05-2021,28,5,May,2,2021,21,Friday,FALSE
149,29-05-2021,29,5,May,2,2021,21,Saturday,TRUE
150,30-05-2021,30,5,May,2,2021,21,Sunday,TRUE
151,31-05-2021,31,5,May,2,2021,22,Monday,FALSE
152,01-06-2021,1,6,June,2,2021,22,Tuesday,FALSE
153,02-06-2021,2,6,June,2,2021,22,Wednesday,FALSE
154,03-06-2021,3,6,June,2,2021,22,Thursday,FALSE
155,04-06-2021,4,6,June,2,2021,22,Friday,FALSE
156,05-06-2021,5,6,June,2,2021,22,Saturday,TRUE
157,06-06-2021,6,6,June,2,2021,22,Sunday,TRUE
158,07-06-2021,7,6,June,2,2021,23,Monday,FALSE
159,08-06-2021,8,6,June,2,2021,23,Tuesday,FALSE
160,09-06-2021,9,6,June,2,2021,23,Wednesday,FALSE
161,10-06-2021,10,6,June,2,2021,23,Thursday,FALSE
162,11-06-2021,11,6,June,2,2021,23,Friday,FALSE
163,12-06-2021,12,6,June,2,2021,23,Saturday,TRUE
164,13-06-2021,13,6,June,2,2021,23,Sunday,TRUE
165,14-06-2021,14,6,June,2,2021,24,Monday,FALSE
166,15-06-2021,15,6,June,2,2021,24,Tuesday,FALSE
167,16-06-2021,16,6,June,2,2021,24,Wednesday,FALSE
168,17-06-2021,17,6,June,2,2021,24,Thursday,FALSE
169,18-06-2021,18,6,June,2,2021,24,Friday,FALSE
170,19-06-2021,19,6,June,2,2021,24,Saturday,TRUE
171,20-06-2021,20,6,June,2,2021,24,Sunday,TRUE
172,21-06-2021,21,6,June,2,2021,25,Monday,FALSE
173,22-06-2021,22,6,June,2,2021,25,Tuesday,FALSE
174,23-06-2021,23,6,June,2,2021,25,Wednesday,FALSE
175,24-06-2021,24,6,June,2,2021,25,Thursday,FALSE
176,25-06-2021,25,6,June,2,2021,25,Friday,FALSE
177,26-06-2021,26,6,June,2,2021,25,Saturday,TRUE
178,27-06-2021,27,6,June,2,2021,25,Sunday,TRUE
179,28-06-2021,28,6,June,2,2021,26,Monday,FALSE
180,29-06-2021,29,6,June,2,2021,26,Tuesday,FALSE
181,30-06-2021,30,6,June,2,2021,26,Wednesday,FALSE
182,01-07-2021,1,7,July,3,2021,26,Thursday,FALSE
183,02-07-2021,2,7,July,3,2021,26,Friday,FALSE
184,03-07-2021,3,7,July,3,2021,26,Saturday,TRUE
185,04-07-2021,4,7,July,3,2021,26,Sunday,TRUE
186,05-07-2021,5,7,July,3,2021,27,Monday,FALSE
187,06-07-2021,6,7,July,3,2021,27,Tuesday,FALSE
188,07-07-2021,7,7,July,3,2021,27,Wednesday,FALSE
189,08-07-2021,8,7,July,3,2021,27,Thursday,FALSE
190,09-07-2021,9,7,July,3,2021,27,Friday,FALSE
191,10-07-2021,10,7,July,3,2021,27,Saturday,TRUE
192,11-07-2021,11,7,July,3,2021,27,Sunday,TRUE
193,12-07-2021,12,7,July,3,2021,28,Monday,FALSE
194,13-07-2021,13,7,July,3,2021,28,Tuesday,FALSE
195,14-07-2021,14,7,July,3,2021,28,Wednesday,FALSE
196,15-07-2021,15,7,July,3,2021,28,Thursday,FALSE
197,16-07-2021,16,7,July,3,2021,28,Friday,FALSE
198,17-07-2021,17,7,July,3,2021,28,Saturday,TRUE
199,18-07-2021,18,7,July,3,2021,28,Sunday,TRUE
200,19-07-2021,19,7,July,3,2021,29,Monday,FALSE
201,20-07-2021,20,7,July,3,2021,29,Tuesday,FALSE
202,21-07-2021,21,7,July,3,2021,29,Wednesday,FALSE
203,22-07-2021,22,7,July,3,2021,29,Thursday,FALSE
204,23-07-2021,23,7,July,3,2021,29,Friday,FALSE
205,24-07-2021,24,7,July,3,2021,29,Saturday,TRUE
206,25-07-2021,25,7,July,3,2021,29,Sunday,TRUE
207,26-07-2021,26,7,July,3,2021,30,Monday,FALSE
208,27-07-2021,27,7,July,3,2021,30,Tuesday,FALSE
209,28-07-2021,28,7,July,3,2021,30,Wednesday,FALSE
210,29-07-2021,29,7,July,3,2021,30,Thursday,FALSE
211,30-07-2021,30,7,July,3,2021,30,Friday,FALSE
212,31-07-2021,31,7,July,3,2021,30,Saturday,TRUE
213,01-08-2021,1,8,August,3,2021,30,Sunday,TRUE
214,02-08-2021,2,8,August,3,2021,31,Monday,FALSE
215,03-08-2021,3,8,August,3,2021,31,Tuesday,FALSE
216,04-08-2021,4,8,August,3,2021,31,Wednesday,FALSE
217,05-08-2021,5,8,August,3,2021,31,Thursday,FALSE
218,06-08-2021,6,8,August,3,2021,31,Friday,FALSE
219,07-08-2021,7,8,August,3,2021,31,Saturday,TRUE
220,08-08-2021,8,8,August,3,2021,31,Sunday,TRUE
221,09-08-2021,9,8,August,3,2021,32,Monday,FALSE
222,10-08-2021,10,8,August,3,2021,32,Tuesday,FALSE
223,11-08-2021,11,8,August,3,2021,32,Wednesday,FALSE
224,12-08-2021,12,8,August,3,2021,32,Thursday,FALSE
225,13-08-2021,13,8,August,3,2021,32,Friday,FALSE
226,14-08-2021,14,8,August,3,2021,32,Saturday,TRUE
227,15-08-2021,15,8,August,3,2021,32,Sunday,TRUE
228,16-08-2021,16,8,August,3,2021,33,Monday,FALSE
229,17-08-2021,17,8,August,3,2021,33,Tuesday,FALSE
230,18-08-2021,18,8,August,3,2021,33,Wednesday,FALSE
231,19-08-2021,19,8,August,3,2021,33,Thursday,FALSE
232,20-08-2021,20,8,August,3,2021,33,Friday,FALSE
233,21-08-2021,21,8,August,3,2021,33,Saturday,TRUE
234,22-08-2021,22,8,August,3,2021,33,Sunday,TRUE
235,23-08-2021,23,8,August,3,2021,34,Monday,FALSE
236,24-08-2021,24,8,August,3,2021,34,Tuesday,FALSE
237,25-08-2021,25,8,August,3,2021,34,Wednesday,FALSE
238,26-08-2021,26,8,August,3,2021,34,Thursday,FALSE
239,27-08-2021,27,8,August,3,2021,34,Friday,FALSE
240,28-08-2021,28,8,August,3,2021,34,Saturday,TRUE
241,29-08-2021,29,8,August,3,2021,34,Sunday,TRUE
242,30-08-2021,30,8,August,3,2021,35,Monday,FALSE
243,31-08-2021,31,8,August,3,2021,35,Tuesday,FALSE
244,01-09-2021,1,9,September,3,2021,35,Wednesday,FALSE
245,02-09-2021,2,9,September,3,2021,35,Thursday,FALSE
246,03-09-2021,3,9,September,3,2021,35,Friday,FALSE
247,04-09-2021,4,9,September,3,2021,35,Saturday,TRUE
248,05-09-2021,5,9,September,3,2021,35,Sunday,TRUE
249,06-09-2021,6,9,September,3,2021,36,Monday,FALSE
250,07-09-2021,7,9,September,3,2021,36,Tuesday,FALSE
251,08-09-2021,8,9,September,3,2021,36,Wednesday,FALSE
252,09-09-2021,9,9,September,3,2021,36,Thursday,FALSE
253,10-09-2021,10,9,September,3,2021,36,Friday,FALSE
254,11-09-2021,11,9,September,3,2021,36,Saturday,TRUE
255,12-09-2021,12,9,September,3,2021,36,Sunday,TRUE
256,13-09-2021,13,9,September,3,2021,37,Monday,FALSE
257,14-09-2021,14,9,September,3,2021,37,Tuesday,FALSE
258,15-09-2021,15,9,September,3,2021,37,Wednesday,FALSE
259,16-09-2021,16,9,September,3,2021,37,Thursday,FALSE
260,17-09-2021,17,9,September,3,2021,37,Friday,FALSE
261,18-09-2021,18,9,September,3,2021,37,Saturday,TRUE
262,19-09-2021,19,9,September,3,2021,37,Sunday,TRUE
263,20-09-2021,20,9,September,3,2021,38,Monday,FALSE
264,21-09-2021,21,9,September,3,2021,38,Tuesday,FALSE
265,22-09-2021,22,9,September,3,2021,38,Wednesday,FALSE
266,23-09-2021,23,9,September,3,2021,38,Thursday,FALSE
267,24-09-2021,24,9,September,3,2021,38,Friday,FALSE
268,25-09-2021,25,9,September,3,2021,38,Saturday,TRUE
269,26-09-2021,26,9,September,3,2021,38,Sunday,TRUE
270,27-09-2021,27,9,September,3,2021,39,Monday,FALSE
271,28-09-2021,28,9,September,3,2021,39,Tuesday,FALSE
272,29-09-2021,29,9,September,3,2021,39,Wednesday,FALSE
273,30-09-2021,30,9,September,3,2021,39,Thursday,FALSE
274,01-10-2021,1,10,October,4,2021,39,Friday,FALSE
275,02-10-2021,2,10,October,4,2021,39,Saturday,TRUE
276,03-10-2021,3,10,October,4,2021,39,Sunday,TRUE
277,04-10-2021,4,10,October,4,2021,40,Monday,FALSE
278,05-10-2021,5,10,October,4,2021,40,Tuesday,FALSE
279,06-10-2021,6,10,October,4,2021,40,Wednesday,FALSE
280,07-10-2021,7,10,October,4,2021,40,Thursday,FALSE
281,08-10-2021,8,10,October,4,2021,40,Friday,FALSE
282,09-10-2021,9,10,October,4,2021,40,Saturday,TRUE
283,10-10-2021,10,10,October,4,2021,40,Sunday,TRUE
284,11-10-2021,11,10,October,4,2021,41,Monday,FALSE
285,12-10-2021,12,10,October,4,2021,41,Tuesday,FALSE
286,13-10-2021,13,10,October,4,2021,41,Wednesday,FALSE
287,14-10-2021,14,10,October,4,2021,41,Thursday,FALSE
288,15-10-2021,15,10,October,4,2021,41,Friday,FALSE
289,16-10-2021,16,10,October,4,2021,41,Saturday,TRUE
290,17-10-2021,17,10,October,4,2021,41,Sunday,TRUE
291,18-10-2021,18,10,October,4,2021,42,Monday,FALSE
292,19-10-2021,19,10,October,4,2021,42,Tuesday,FALSE
293,20-10-2021,20,10,October,4,2021,42,Wednesday,FALSE
294,21-10-2021,21,10,October,4,2021,42,Thursday,FALSE
295,22-10-2021,22,10,October,4,2021,42,Friday,FALSE
296,23-10-2021,23,10,October,4,2021,42,Saturday,TRUE
297,24-10-2021,24,10,October,4,2021,42,Sunday,TRUE
298,25-10-2021,25,10,October,4,2021,43,Monday,FALSE
299,26-10-2021,26,10,October,4,2021,43,Tuesday,FALSE
300,27-10-2021,27,10,October,4,2021,43,Wednesday,FALSE
301,28-10-2021,28,10,October,4,2021,43,Thursday,FALSE
302,29-10-2021,29,10,October,4,2021,43,Friday,FALSE
303,30-10-2021,30,10,October,4,2021,43,Saturday,TRUE
304,31-10-2021,31,10,October,4,2021,43,Sunday,TRUE
305,01-11-2021,1,11,November,4,2021,44,Monday,FALSE
306,02-11-2021,2,11,November,4,2021,44,Tuesday,FALSE
307,03-11-2021,3,11,November,4,2021,44,Wednesday,FALSE
308,04-11-2021,4,11,November,4,2021,44,Thursday,FALSE
309,05-11-2021,5,11,November,4,2021,44,Friday,FALSE
310,06-11-2021,6,11,November,4,2021,44,Saturday,TRUE
311,07-11-2021,7,11,November,4,2021,44,Sunday,TRUE
312,08-11-2021,8,11,November,4,2021,45,Monday,FALSE
313,09-11-2021,9,11,November,4,2021,45,Tuesday,FALSE
314,10-11-2021,10,11,November,4,2021,45,Wednesday,FALSE
315,11-11-2021,11,11,November,4,2021,45,Thursday,FALSE
316,12-11-2021,12,11,November,4,2021,45,Friday,FALSE
317,13-11-2021,13,11,November,4,2021,45,Saturday,TRUE
318,14-11-2021,14,11,November,4,2021,45,Sunday,TRUE
319,15-11-2021,15,11,November,4,2021,46,Monday,FALSE
320,16-11-2021,16,11,November,4,2021,46,Tuesday,FALSE
321,17-11-2021,17,11,November,4,2021,46,Wednesday,FALSE
322,18-11-2021,18,11,November,4,2021,46,Thursday,FALSE
323,19-11-2021,19,11,November,4,2021,46,Friday,FALSE
324,20-11-2021,20,11,November,4,2021,46,Saturday,TRUE
325,21-11-2021,21,11,November,4,2021,46,Sunday,TRUE
326,22-11-2021,22,11,November,4,2021,47,Monday,FALSE
327,23-11-2021,23,11,November,4,2021,47,Tuesday,FALSE
328,24-11-2021,24,11,November,4,2021,47,Wednesday,FALSE
329,25-11-2021,25,11,November,4,2021,47,Thursday,FALSE
330,26-11-2021,26,11,November,4,2021,47,Friday,FALSE
331,27-11-2021,27,11,November,4,2021,47,Saturday,TRUE
332,28-11-2021,28,11,November,4,2021,47,Sunday,TRUE
333,29-11-2021,29,11,November,4,2021,48,Monday,FALSE
334,30-11-2021,30,11,November,4,2021,48,Tuesday,FALSE
335,01-12-2021,1,12,December,4,2021,48,Wednesday,FALSE
336,02-12-2021,2,12,December,4,2021,48,Thursday,FALSE
337,03-12-2021,3,12,December,4,2021,48,Friday,FALSE
338,04-12-2021,4,12,December,4,2021,48,Saturday,TRUE
339,05-12-2021,5,12,December,4,2021,48,Sunday,TRUE
340,06-12-2021,6,12,December,4,2021,49,Monday,FALSE
341,07-12-2021,7,12,December,4,2021,49,Tuesday,FALSE
342,08-12-2021,8,12,December,4,2021,49,Wednesday,FALSE
343,09-12-2021,9,12,December,4,2021,49,Thursday,FALSE
344,10-12-2021,10,12,December,4,2021,49,Friday,FALSE
345,11-12-2021,11,12,December,4,2021,49,Saturday,TRUE
346,12-12-2021,12,12,December,4,2021,49,Sunday,TRUE
347,13-12-2021,13,12,December,4,2021,50,Monday,FALSE
348,14-12-2021,14,12,December,4,2021,50,Tuesday,FALSE
349,15-12-2021,15,12,December,4,2021,50,Wednesday,FALSE
350,16-12-2021,16,12,December,4,2021,50,Thursday,FALSE
351,17-12-2021,17,12,December,4,2021,50,Friday,FALSE
352,18-12-2021,18,12,December,4,2021,50,Saturday,TRUE
353,19-12-2021,19,12,December,4,2021,50,Sunday,TRUE
354,20-12-2021,20,12,December,4,2021,51,Monday,FALSE
355,21-12-2021,21,12,December,4,2021,51,Tuesday,FALSE
356,22-12-2021,22,12,December,4,2021,51,Wednesday,FALSE
357,23-12-2021,23,12,December,4,2021,51,Thursday,FALSE
358,24-12-2021,24,12,December,4,2021,51,Friday,FALSE
359,25-12-2021,25,12,December,4,2021,51,Saturday,TRUE
360,26-12-2021,26,12,December,4,2021,51,Sunday,TRUE
361,27-12-2021,27,12,December,4,2021,52,Monday,FALSE
362,28-12-2021,28,12,December,4,2021,52,Tuesday,FALSE
363,29-12-2021,29,12,December,4,2021,52,Wednesday,FALSE
364,30-12-2021,30,12,December,4,2021,52,Thursday,FALSE
365,31-12-2021,31,12,December,4,2021,52,Friday,FALSE
366,01-01-2022,1,1,January,1,2022,52,Saturday,TRUE
367,02-01-2022,2,1,January,1,2022,52,Sunday,TRUE
368,03-01-2022,3,1,January,1,2022,1,Monday,FALSE
369,04-01-2022,4,1,January,1,2022,1,Tuesday,FALSE
370,05-01-2022,5,1,January,1,2022,1,Wednesday,FALSE
371,06-01-2022,6,1,January,1,2022,1,Thursday,FALSE
372,07-01-2022,7,1,January,1,2022,1,Friday,FALSE
373,08-01-2022,8,1,January,1,2022,1,Saturday,TRUE
374,09-01-2022,9,1,January,1,2022,1,Sunday,TRUE
375,10-01-2022,10,1,January,1,2022,2,Monday,FALSE
376,11-01-2022,11,1,January,1,2022,2,Tuesday,FALSE
377,12-01-2022,12,1,January,1,2022,2,Wednesday,FALSE
378,13-01-2022,13,1,January,1,2022,2,Thursday,FALSE
379,14-01-2022,14,1,January,1,2022,2,Friday,FALSE
380,15-01-2022,15,1,January,1,2022,2,Saturday,TRUE
381,16-01-2022,16,1,January,1,2022,2,Sunday,TRUE
382,17-01-2022,17,1,January,1,2022,3,Monday,FALSE
383,18-01-2022,18,1,January,1,2022,3,Tuesday,FALSE
384,19-01-2022,19,1,January,1,2022,3,Wednesday,FALSE
385,20-01-2022,20,1,January,1,2022,3,Thursday,FALSE
386,21-01-2022,21,1,January,1,2022,3,Friday,FALSE
387,22-01-2022,22,1,January,1,2022,3,Saturday,TRUE
388,23-01-2022,23,1,January,1,2022,3,Sunday,TRUE
389,24-01-2022,24,1,January,1,2022,4,Monday,FALSE
390,25-01-2022,25,1,January,1,2022,4,Tuesday,FALSE
391,26-01-2022,26,1,January,1,2022,4,Wednesday,FALSE
392,27-01-2022,27,1,January,1,2022,4,Thursday,FALSE
393,28-01-2022,28,1,January,1,2022,4,Friday,FALSE
394,29-01-2022,29,1,January,1,2022,4,Saturday,TRUE
395,30-01-2022,30,1,January,1,2022,4,Sunday,TRUE
396,31-01-2022,31,1,January,1,2022,5,Monday,FALSE
397,01-02-2022,1,2,February,1,2022,5,Tuesday,FALSE
398,02-02-2022,2,2,February,1,2022,5,Wednesday,FALSE
399,03-02-2022,3,2,February,1,2022,5,Thursday,FALSE
400,04-02-2022,4,2,February,1,2022,5,Friday,FALSE
401,05-02-2022,5,2,February,1,2022,5,Saturday,TRUE
402,06-02-2022,6,2,February,1,2022,5,Sunday,TRUE
403,07-02-2022,7,2,February,1,2022,6,Monday,FALSE
404,08-02-2022,8,2,February,1,2022,6,Tuesday,FALSE
405,09-02-2022,9,2,February,1,2022,6,Wednesday,FALSE
406,10-02-2022,10,2,February,1,2022,6,Thursday,FALSE
407,11-02-2022,11,2,February,1,2022,6,Friday,FALSE
408,12-02-2022,12,2,February,1,2022,6,Saturday,TRUE
409,13-02-2022,13,2,February,1,2022,6,Sunday,TRUE
410,14-02-2022,14,2,February,1,2022,7,Monday,FALSE
411,15-02-2022,15,2,February,1,2022,7,Tuesday,FALSE
412,16-02-2022,16,2,February,1,2022,7,Wednesday,FALSE
413,17-02-2022,17,2,February,1,2022,7,Thursday,FALSE
414,18-02-2022,18,2,February,1,2022,7,Friday,FALSE
415,19-02-2022,19,2,February,1,2022,7,Saturday,TRUE
416,20-02-2022,20,2,February,1,2022,7,Sunday,TRUE
417,21-02-2022,21,2,February,1,2022,8,Monday,FALSE
418,22-02-2022,22,2,February,1,2022,8,Tuesday,FALSE
419,23-02-2022,23,2,February,1,2022,8,Wednesday,FALSE
420,24-02-2022,24,2,February,1,2022,8,Thursday,FALSE
421,25-02-2022,25,2,February,1,2022,8,Friday,FALSE
422,26-02-2022,26,2,February,1,2022,8,Saturday,TRUE
423,27-02-2022,27,2,February,1,2022,8,Sunday,TRUE
424,28-02-2022,28,2,February,1,2022,9,Monday,FALSE
425,01-03-2022,1,3,March,1,2022,9,Tuesday,FALSE
426,02-03-2022,2,3,March,1,2022,9,Wednesday,FALSE
427,03-03-2022,3,3,March,1,2022,9,Thursday,FALSE
428,04-03-2022,4,3,March,1,2022,9,Friday,FALSE
429,05-03-2022,5,3,March,1,2022,9,Saturday,TRUE
430,06-03-2022,6,3,March,1,2022,9,Sunday,TRUE
431,07-03-2022,7,3,March,1,2022,10,Monday,FALSE
432,08-03-2022,8,3,March,1,2022,10,Tuesday,FALSE
433,09-03-2022,9,3,March,1,2022,10,Wednesday,FALSE
434,10-03-2022,10,3,March,1,2022,10,Thursday,FALSE
435,11-03-2022,11,3,March,1,2022,10,Friday,FALSE
436,12-03-2022,12,3,March,1,2022,10,Saturday,TRUE
437,13-03-2022,13,3,March,1,2022,10,Sunday,TRUE
438,14-03-2022,14,3,March,1,2022,11,Monday,FALSE
439,15-03-2022,15,3,March,1,2022,11,Tuesday,FALSE
440,16-03-2022,16,3,March,1,2022,11,Wednesday,FALSE
441,17-03-2022,17,3,March,1,2022,11,Thursday,FALSE
442,18-03-2022,18,3,March,1,2022,11,Friday,FALSE
443,19-03-2022,19,3,March,1,2022,11,Saturday,TRUE
444,20-03-2022,20,3,March,1,2022,11,Sunday,TRUE
445,21-03-2022,21,3,March,1,2022,12,Monday,FALSE
446,22-03-2022,22,3,March,1,2022,12,Tuesday,FALSE
447,23-03-2022,23,3,March,1,2022,12,Wednesday,FALSE
448,24-03-2022,24,3,March,1,2022,12,Thursday,FALSE
449,25-03-2022,25,3,March,1,2022,12,Friday,FALSE
450,26-03-2022,26,3,March,1,2022,12,Saturday,TRUE
451,27-03-2022,27,3,March,1,2022,12,Sunday,TRUE
452,28-03-2022,28,3,March,1,2022,13,Monday,FALSE
453,29-03-2022,29,3,March,1,2022,13,Tuesday,FALSE
454,30-03-2022,30,3,March,1,2022,13,Wednesday,FALSE
455,31-03-2022,31,3,March,1,2022,13,Thursday,FALSE
456,01-04-2022,1,4,April,2,2022,13,Friday,FALSE
457,02-04-2022,2,4,April,2,2022,13,Saturday,TRUE
458,03-04-2022,3,4,April,2,2022,13,Sunday,TRUE
459,04-04-2022,4,4,April,2,2022,14,Monday,FALSE
460,05-04-2022,5,4,April,2,2022,14,Tuesday,FALSE
461,06-04-2022,6,4,April,2,2022,14,Wednesday,FALSE
462,07-04-2022,7,4,April,2,2022,14,Thursday,FALSE
463,08-04-2022,8,4,April,2,2022,14,Friday,FALSE
464,09-04-2022,9,4,April,2,2022,14,Saturday,TRUE
465,10-04-2022,10,4,April,2,2022,14,Sunday,TRUE
466,11-04-2022,11,4,April,2,2022,15,Monday,FALSE
467,12-04-2022,12,4,April,2,2022,15,Tuesday,FALSE
468,13-04-2022,13,4,April,2,2022,15,Wednesday,FALSE
469,14-04-2022,14,4,April,2,2022,15,Thursday,FALSE
470,15-04-2022,15,4,April,2,2022,15,Friday,FALSE
471,16-04-2022,16,4,April,2,2022,15,Saturday,TRUE
472,17-04-2022,17,4,April,2,2022,15,Sunday,TRUE
473,18-04-2022,18,4,April,2,2022,16,Monday,FALSE
474,19-04-2022,19,4,April,2,2022,16,Tuesday,FALSE
475,20-04-2022,20,4,April,2,2022,16,Wednesday,FALSE
476,21-04-2022,21,4,April,2,2022,16,Thursday,FALSE
477,22-04-2022,22,4,April,2,2022,16,Friday,FALSE
478,23-04-2022,23,4,April,2,2022,16,Saturday,TRUE
479,24-04-2022,24,4,April,2,2022,16,Sunday,TRUE
480,25-04-2022,25,4,April,2,2022,17,Monday,FALSE
481,26-04-2022,26,4,April,2,2022,17,Tuesday,FALSE
482,27-04-2022,27,4,April,2,2022,17,Wednesday,FALSE
483,28-04-2022,28,4,April,2,2022,17,Thursday,FALSE
484,29-04-2022,29,4,April,2,2022,17,Friday,FALSE
485,30-04-2022,30,4,April,2,2022,17,Saturday,TRUE
486,01-05-2022,1,5,May,2,2022,17,Sunday,TRUE
487,02-05-2022,2,5,May,2,2022,18,Monday,FALSE
488,03-05-2022,3,5,May,2,2022,18,Tuesday,FALSE
489,04-05-2022,4,5,May,2,2022,18,Wednesday,FALSE
490,05-05-2022,5,5,May,2,2022,18,Thursday,FALSE
491,06-05-2022,6,5,May,2,2022,18,Friday,FALSE
492,07-05-2022,7,5,May,2,2022,18,Saturday,TRUE
493,08-05-2022,8,5,May,2,2022,18,Sunday,TRUE
494,09-05-2022,9,5,May,2,2022,19,Monday,FALSE
495,10-05-2022,10,5,May,2,2022,19,Tuesday,FALSE
496,11-05-2022,11,5,May,2,2022,19,Wednesday,FALSE
497,12-05-2022,12,5,May,2,2022,19,Thursday,FALSE
498,13-05-2022,13,5,May,2,2022,19,Friday,FALSE
499,14-05-2022,14,5,May,2,2022,19,Saturday,TRUE
500,15-05-2022,15,5,May,2,2022,19,Sunday,TRUE
501,16-05-2022,16,5,May,2,2022,20,Monday,FALSE
502,17-05-2022,17,5,May,2,2022,20,Tuesday,FALSE
503,18-05-2022,18,5,May,2,2022,20,Wednesday,FALSE
504,19-05-2022,19,5,May,2,2022,20,Thursday,FALSE
505,20-05-2022,20,5,May,2,2022,20,Friday,FALSE
506,21-05-2022,21,5,May,2,2022,20,Saturday,TRUE
507,22-05-2022,22,5,May,2,2022,20,Sunday,TRUE
508,23-05-2022,23,5,May,2,2022,21,Monday,FALSE
509,24-05-2022,24,5,May,2,2022,21,Tuesday,FALSE
510,25-05-2022,25,5,May,2,2022,21,Wednesday,FALSE
511,26-05-2022,26,5,May,2,2022,21,Thursday,FALSE
512,27-05-2022,27,5,May,2,2022,21,Friday,FALSE
513,28-05-2022,28,5,May,2,2022,21,Saturday,TRUE
514,29-05-2022,29,5,May,2,2022,21,Sunday,TRUE
515,30-05-2022,30,5,May,2,2022,22,Monday,FALSE
516,31-05-2022,31,5,May,2,2022,22,Tuesday,FALSE
517,01-06-2022,1,6,June,2,2022,22,Wednesday,FALSE
518,02-06-2022,2,6,June,2,2022,22,Thursday,FALSE
519,03-06-2022,3,6,June,2,2022,22,Friday,FALSE
520,04-06-2022,4,6,June,2,2022,22,Saturday,TRUE
521,05-06-2022,5,6,June,2,2022,22,Sunday,TRUE
522,06-06-2022,6,6,June,2,2022,23,Monday,FALSE
523,07-06-2022,7,6,June,2,2022,23,Tuesday,FALSE
524,08-06-2022,8,6,June,2,2022,23,Wednesday,FALSE
525,09-06-2022,9,6,June,2,2022,23,Thursday,FALSE
526,10-06-2022,10,6,June,2,2022,23,Friday,FALSE
527,11-06-2022,11,6,June,2,2022,23,Saturday,TRUE
528,12-06-2022,12,6,June,2,2022,23,Sunday,TRUE
529,13-06-2022,13,6,June,2,2022,24,Monday,FALSE
530,14-06-2022,14,6,June,2,2022,24,Tuesday,FALSE
531,15-06-2022,15,6,June,2,2022,24,Wednesday,FALSE
532,16-06-2022,16,6,June,2,2022,24,Thursday,FALSE
533,17-06-2022,17,6,June,2,2022,24,Friday,FALSE
534,18-06-2022,18,6,June,2,2022,24,Saturday,TRUE
535,19-06-2022,19,6,June,2,2022,24,Sunday,TRUE
536,20-06-2022,20,6,June,2,2022,25,Monday,FALSE
537,21-06-2022,21,6,June,2,2022,25,Tuesday,FALSE
538,22-06-2022,22,6,June,2,2022,25,Wednesday,FALSE
539,23-06-2022,23,6,June,2,2022,25,Thursday,FALSE
540,24-06-2022,24,6,June,2,2022,25,Friday,FALSE
541,25-06-2022,25,6,June,2,2022,25,Saturday,TRUE
542,26-06-2022,26,6,June,2,2022,25,Sunday,TRUE
543,27-06-2022,27,6,June,2,2022,26,Monday,FALSE
544,28-06-2022,28,6,June,2,2022,26,Tuesday,FALSE
545,29-06-2022,29,6,June,2,2022,26,Wednesday,FALSE
546,30-06-2022,30,6,June,2,2022,26,Thursday,FALSE
547,01-07-2022,1,7,July,3,2022,26,Friday,FALSE
548,02-07-2022,2,7,July,3,2022,26,Saturday,TRUE
549,03-07-2022,3,7,July,3,2022,26,Sunday,TRUE
550,04-07-2022,4,7,July,3,2022,27,Monday,FALSE
551,05-07-2022,5,7,July,3,2022,27,Tuesday,FALSE
552,06-07-2022,6,7,July,3,2022,27,Wednesday,FALSE
553,07-07-2022,7,7,July,3,2022,27,Thursday,FALSE
554,08-07-2022,8,7,July,3,2022,27,Friday,FALSE
555,09-07-2022,9,7,July,3,2022,27,Saturday,TRUE
556,10-07-2022,10,7,July,3,2022,27,Sunday,TRUE
557,11-07-2022,11,7,July,3,2022,28,Monday,FALSE
558,12-07-2022,12,7,July,3,2022,28,Tuesday,FALSE
559,13-07-2022,13,7,July,3,2022,28,Wednesday,FALSE
560,14-07-2022,14,7,July,3,2022,28,Thursday,FALSE
561,15-07-2022,15,7,July,3,2022,28,Friday,FALSE
562,16-07-2022,16,7,July,3,2022,28,Saturday,TRUE
563,17-07-2022,17,7,July,3,2022,28,Sunday,TRUE
564,18-07-2022,18,7,July,3,2022,29,Monday,FALSE
565,19-07-2022,19,7,July,3,2022,29,Tuesday,FALSE
566,20-07-2022,20,7,July,3,2022,29,Wednesday,FALSE
567,21-07-2022,21,7,July,3,2022,29,Thursday,FALSE
568,22-07-2022,22,7,July,3,2022,29,Friday,FALSE
569,23-07-2022,23,7,July,3,2022,29,Saturday,TRUE
570,24-07-2022,24,7,July,3,2022,29,Sunday,TRUE
571,25-07-2022,25,7,July,3,2022,30,Monday,FALSE
572,26-07-2022,26,7,July,3,2022,30,Tuesday,FALSE
573,27-07-2022,27,7,July,3,2022,30,Wednesday,FALSE
574,28-07-2022,28,7,July,3,2022,30,Thursday,FALSE
575,29-07-2022,29,7,July,3,2022,30,Friday,FALSE
576,30-07-2022,30,7,July,3,2022,30,Saturday,TRUE
577,31-07-2022,31,7,July,3,2022,30,Sunday,TRUE
578,01-08-2022,1,8,August,3,2022,31,Monday,FALSE
579,02-08-2022,2,8,August,3,2022,31,Tuesday,FALSE
580,03-08-2022,3,8,August,3,2022,31,Wednesday,FALSE
581,04-08-2022,4,8,August,3,2022,31,Thursday,FALSE
582,05-08-2022,5,8,August,3,2022,31,Friday,FALSE
583,06-08-2022,6,8,August,3,2022,31,Saturday,TRUE
584,07-08-2022,7,8,August,3,2022,31,Sunday,TRUE
585,08-08-2022,8,8,August,3,2022,32,Monday,FALSE
586,09-08-2022,9,8,August,3,2022,32,Tuesday,FALSE
587,10-08-2022,10,8,August,3,2022,32,Wednesday,FALSE
588,11-08-2022,11,8,August,3,2022,32,Thursday,FALSE
589,12-08-2022,12,8,August,3,2022,32,Friday,FALSE
590,13-08-2022,13,8,August,3,2022,32,Saturday,TRUE
591,14-08-2022,14,8,August,3,2022,32,Sunday,TRUE
592,15-08-2022,15,8,August,3,2022,33,Monday,FALSE
593,16-08-2022,16,8,August,3,2022,33,Tuesday,FALSE
594,17-08-2022,17,8,August,3,2022,33,Wednesday,FALSE
595,18-08-2022,18,8,August,3,2022,33,Thursday,FALSE
596,19-08-2022,19,8,August,3,2022,33,Friday,FALSE
597,20-08-2022,20,8,August,3,2022,33,Saturday,TRUE
598,21-08-2022,21,8,August,3,2022,33,Sunday,TRUE
599,22-08-2022,22,8,August,3,2022,34,Monday,FALSE
600,23-08-2022,23,8,August,3,2022,34,Tuesday,FALSE
601,24-08-2022,24,8,August,3,2022,34,Wednesday,FALSE
602,25-08-2022,25,8,August,3,2022,34,Thursday,FALSE
603,26-08-2022,26,8,August,3,2022,34,Friday,FALSE
604,27-08-2022,27,8,August,3,2022,34,Saturday,TRUE
605,28-08-2022,28,8,August,3,2022,34,Sunday,TRUE
606,29-08-2022,29,8,August,3,2022,35,Monday,FALSE
607,30-08-2022,30,8,August,3,2022,35,Tuesday,FALSE
608,31-08-2022,31,8,August,3,2022,35,Wednesday,FALSE
609,01-09-2022,1,9,September,3,2022,35,Thursday,FALSE
610,02-09-2022,2,9,September,3,2022,35,Friday,FALSE
611,03-09-2022,3,9,September,3,2022,35,Saturday,TRUE
612,04-09-2022,4,9,September,3,2022,35,Sunday,TRUE
613,05-09-2022,5,9,September,3,2022,36,Monday,FALSE
614,06-09-2022,6,9,September,3,2022,36,Tuesday,FALSE
615,07-09-2022,7,9,September,3,2022,36,Wednesday,FALSE
616,08-09-2022,8,9,September,3,2022,36,Thursday,FALSE
617,09-09-2022,9,9,September,3,2022,36,Friday,FALSE
618,10-09-2022,10,9,September,3,2022,36,Saturday,TRUE
619,11-09-2022,11,9,September,3,2022,36,Sunday,TRUE
620,12-09-2022,12,9,September,3,2022,37,Monday,FALSE
621,13-09-2022,13,9,September,3,2022,37,Tuesday,FALSE
622,14-09-2022,14,9,September,3,2022,37,Wednesday,FALSE
623,15-09-2022,15,9,September,3,2022,37,Thursday,FALSE
624,16-09-2022,16,9,September,3,2022,37,Friday,FALSE
625,17-09-2022,17,9,September,3,2022,37,Saturday,TRUE
626,18-09-2022,18,9,September,3,2022,37,Sunday,TRUE
627,19-09-2022,19,9,September,3,2022,38,Monday,FALSE
628,20-09-2022,20,9,September,3,2022,38,Tuesday,FALSE
629,21-09-2022,21,9,September,3,2022,38,Wednesday,FALSE
630,22-09-2022,22,9,September,3,2022,38,Thursday,FALSE
631,23-09-2022,23,9,September,3,2022,38,Friday,FALSE
632,24-09-2022,24,9,September,3,2022,38,Saturday,TRUE
633,25-09-2022,25,9,September,3,2022,38,Sunday,TRUE
634,26-09-2022,26,9,September,3,2022,39,Monday,FALSE
635,27-09-2022,27,9,September,3,2022,39,Tuesday,FALSE
636,28-09-2022,28,9,September,3,2022,39,Wednesday,FALSE
637,29-09-2022,29,9,September,3,2022,39,Thursday,FALSE
638,30-09-2022,30,9,September,3,2022,39,Friday,FALSE
639,01-10-2022,1,10,October,4,2022,39,Saturday,TRUE
640,02-10-2022,2,10,October,4,2022,39,Sunday,TRUE
641,03-10-2022,3,10,October,4,2022,40,Monday,FALSE
642,04-10-2022,4,10,October,4,2022,40,Tuesday,FALSE
643,05-10-2022,5,10,October,4,2022,40,Wednesday,FALSE
644,06-10-2022,6,10,October,4,2022,40,Thursday,FALSE
645,07-10-2022,7,10,October,4,2022,40,Friday,FALSE
646,08-10-2022,8,10,October,4,2022,40,Saturday,TRUE
647,09-10-2022,9,10,October,4,2022,40,Sunday,TRUE
648,10-10-2022,10,10,October,4,2022,41,Monday,FALSE
649,11-10-2022,11,10,October,4,2022,41,Tuesday,FALSE
650,12-10-2022,12,10,October,4,2022,41,Wednesday,FALSE
651,13-10-2022,13,10,October,4,2022,41,Thursday,FALSE
652,14-10-2022,14,10,October,4,2022,41,Friday,FALSE
653,15-10-2022,15,10,October,4,2022,41,Saturday,TRUE
654,16-10-2022,16,10,October,4,2022,41,Sunday,TRUE
655,17-10-2022,17,10,October,4,2022,42,Monday,FALSE
656,18-10-2022,18,10,October,4,2022,42,Tuesday,FALSE
657,19-10-2022,19,10,October,4,2022,42,Wednesday,FALSE
658,20-10-2022,20,10,October,4,2022,42,Thursday,FALSE
659,21-10-2022,21,10,October,4,2022,42,Friday,FALSE
660,22-10-2022,22,10,October,4,2022,42,Saturday,TRUE
661,23-10-2022,23,10,October,4,2022,42,Sunday,TRUE
662,24-10-2022,24,10,October,4,2022,43,Monday,FALSE
663,25-10-2022,25,10,October,4,2022,43,Tuesday,FALSE
664,26-10-2022,26,10,October,4,2022,43,Wednesday,FALSE
665,27-10-2022,27,10,October,4,2022,43,Thursday,FALSE
666,28-10-2022,28,10,October,4,2022,43,Friday,FALSE
667,29-10-2022,29,10,October,4,2022,43,Saturday,TRUE
668,30-10-2022,30,10,October,4,2022,43,Sunday,TRUE
669,31-10-2022,31,10,October,4,2022,44,Monday,FALSE
670,01-11-2022,1,11,November,4,2022,44,Tuesday,FALSE
671,02-11-2022,2,11,November,4,2022,44,Wednesday,FALSE
672,03-11-2022,3,11,November,4,2022,44,Thursday,FALSE
673,04-11-2022,4,11,November,4,2022,44,Friday,FALSE
674,05-11-2022,5,11,November,4,2022,44,Saturday,TRUE
675,06-11-2022,6,11,November,4,2022,44,Sunday,TRUE
676,07-11-2022,7,11,November,4,2022,45,Monday,FALSE
677,08-11-2022,8,11,November,4,2022,45,Tuesday,FALSE
678,09-11-2022,9,11,November,4,2022,45,Wednesday,FALSE
679,10-11-2022,10,11,November,4,2022,45,Thursday,FALSE
680,11-11-2022,11,11,November,4,2022,45,Friday,FALSE
681,12-11-2022,12,11,November,4,2022,45,Saturday,TRUE
682,13-11-2022,13,11,November,4,2022,45,Sunday,TRUE
683,14-11-2022,14,11,November,4,2022,46,Monday,FALSE
684,15-11-2022,15,11,November,4,2022,46,Tuesday,FALSE
685,16-11-2022,16,11,November,4,2022,46,Wednesday,FALSE
686,17-11-2022,17,11,November,4,2022,46,Thursday,FALSE
687,18-11-2022,18,11,November,4,2022,46,Friday,FALSE
688,19-11-2022,19,11,November,4,2022,46,Saturday,TRUE
689,20-11-2022,20,11,November,4,2022,46,Sunday,TRUE
690,21-11-2022,21,11,November,4,2022,47,Monday,FALSE
691,22-11-2022,22,11,November,4,2022,47,Tuesday,FALSE
692,23-11-2022,23,11,November,4,2022,47,Wednesday,FALSE
693,24-11-2022,24,11,November,4,2022,47,Thursday,FALSE
694,25-11-2022,25,11,November,4,2022,47,Friday,FALSE
695,26-11-2022,26,11,November,4,2022,47,Saturday,TRUE
696,27-11-2022,27,11,November,4,2022,47,Sunday,TRUE
697,28-11-2022,28,11,November,4,2022,48,Monday,FALSE
698,29-11-2022,29,11,November,4,2022,48,Tuesday,FALSE
699,30-11-2022,30,11,November,4,2022,48,Wednesday,FALSE
700,01-12-2022,1,12,December,4,2022,48,Thursday,FALSE
701,02-12-2022,2,12,December,4,2022,48,Friday,FALSE
702,03-12-2022,3,12,December,4,2022,48,Saturday,TRUE
703,04-12-2022,4,12,December,4,2022,48,Sunday,TRUE
704,05-12-2022,5,12,December,4,2022,49,Monday,FALSE
705,06-12-2022,6,12,December,4,2022,49,Tuesday,FALSE
706,07-12-2022,7,12,December,4,2022,49,Wednesday,FALSE
707,08-12-2022,8,12,December,4,2022,49,Thursday,FALSE
708,09-12-2022,9,12,December,4,2022,49,Friday,FALSE
709,10-12-2022,10,12,December,4,2022,49,Saturday,TRUE
710,11-12-2022,11,12,December,4,2022,49,Sunday,TRUE
711,12-12-2022,12,12,December,4,2022,50,Monday,FALSE
712,13-12-2022,13,12,December,4,2022,50,Tuesday,FALSE
713,14-12-2022,14,12,December,4,2022,50,Wednesday,FALSE
714,15-12-2022,15,12,December,4,2022,50,Thursday,FALSE
715,16-12-2022,16,12,December,4,2022,50,Friday,FALSE
716,17-12-2022,17,12,December,4,2022,50,Saturday,TRUE
717,18-12-2022,18,12,December,4,2022,50,Sunday,TRUE
718,19-12-2022,19,12,December,4,2022,51,Monday,FALSE
719,20-12-2022,20,12,December,4,2022,51,Tuesday,FALSE
720,21-12-2022,21,12,December,4,2022,51,Wednesday,FALSE
721,22-12-2022,22,12,December,4,2022,51,Thursday,FALSE
722,23-12-2022,23,12,December,4,2022,51,Friday,FALSE
723,24-12-2022,24,12,December,4,2022,51,Saturday,TRUE
724,25-12-2022,25,12,December,4,2022,51,Sunday,TRUE
725,26-12-2022,26,12,December,4,2022,52,Monday,FALSE
726,27-12-2022,27,12,December,4,2022,52,Tuesday,FALSE
727,28-12-2022,28,12,December,4,2022,52,Wednesday,FALSE
728,29-12-2022,29,12,December,4,2022,52,Thursday,FALSE
729,30-12-2022,30,12,December,4,2022,52,Friday,FALSE
730,31-12-2022,31,12,December,4,2022,52,Saturday,TRUE
731,01-01-2023,1,1,January,1,2023,52,Sunday,TRUE
732,02-01-2023,2,1,January,1,2023,1,Monday,FALSE
733,03-01-2023,3,1,January,1,2023,1,Tuesday,FALSE
734,04-01-2023,4,1,January,1,2023,1,Wednesday,FALSE
735,05-01-2023,5,1,January,1,2023,1,Thursday,FALSE
736,06-01-2023,6,1,January,1,2023,1,Friday,FALSE
737,07-01-2023,7,1,January,1,2023,1,Saturday,TRUE
738,08-01-2023,8,1,January,1,2023,1,Sunday,TRUE
739,09-01-2023,9,1,January,1,2023,2,Monday,FALSE
740,10-01-2023,10,1,January,1,2023,2,Tuesday,FALSE
741,11-01-2023,11,1,January,1,2023,2,Wednesday,FALSE
742,12-01-2023,12,1,January,1,2023,2,Thursday,FALSE
743,13-01-2023,13,1,January,1,2023,2,Friday,FALSE
744,14-01-2023,14,1,January,1,2023,2,Saturday,TRUE
745,15-01-2023,15,1,January,1,2023,2,Sunday,TRUE
746,16-01-2023,16,1,January,1,2023,3,Monday,FALSE
747,17-01-2023,17,1,January,1,2023,3,Tuesday,FALSE
748,18-01-2023,18,1,January,1,2023,3,Wednesday,FALSE
749,19-01-2023,19,1,January,1,2023,3,Thursday,FALSE
750,20-01-2023,20,1,January,1,2023,3,Friday,FALSE
751,21-01-2023,21,1,January,1,2023,3,Saturday,TRUE
752,22-01-2023,22,1,January,1,2023,3,Sunday,TRUE
753,23-01-2023,23,1,January,1,2023,4,Monday,FALSE
754,24-01-2023,24,1,January,1,2023,4,Tuesday,FALSE
755,25-01-2023,25,1,January,1,2023,4,Wednesday,FALSE
756,26-01-2023,26,1,January,1,2023,4,Thursday,FALSE
757,27-01-2023,27,1,January,1,2023,4,Friday,FALSE
758,28-01-2023,28,1,January,1,2023,4,Saturday,TRUE
759,29-01-2023,29,1,January,1,2023,4,Sunday,TRUE
760,30-01-2023,30,1,January,1,2023,5,Monday,FALSE
761,31-01-2023,31,1,January,1,2023,5,Tuesday,FALSE
762,01-02-2023,1,2,February,1,2023,5,Wednesday,FALSE
763,02-02-2023,2,2,February,1,2023,5,Thursday,FALSE
764,03-02-2023,3,2,February,1,2023,5,Friday,FALSE
765,04-02-2023,4,2,February,1,2023,5,Saturday,TRUE
766,05-02-2023,5,2,February,1,2023,5,Sunday,TRUE
767,06-02-2023,6,2,February,1,2023,6,Monday,FALSE
768,07-02-2023,7,2,February,1,2023,6,Tuesday,FALSE
769,08-02-2023,8,2,February,1,2023,6,Wednesday,FALSE
770,09-02-2023,9,2,February,1,2023,6,Thursday,FALSE
771,10-02-2023,10,2,February,1,2023,6,Friday,FALSE
772,11-02-2023,11,2,February,1,2023,6,Saturday,TRUE
773,12-02-2023,12,2,February,1,2023,6,Sunday,TRUE
774,13-02-2023,13,2,February,1,2023,7,Monday,FALSE
775,14-02-2023,14,2,February,1,2023,7,Tuesday,FALSE
776,15-02-2023,15,2,February,1,2023,7,Wednesday,FALSE
777,16-02-2023,16,2,February,1,2023,7,Thursday,FALSE
778,17-02-2023,17,2,February,1,2023,7,Friday,FALSE
779,18-02-2023,18,2,February,1,2023,7,Saturday,TRUE
780,19-02-2023,19,2,February,1,2023,7,Sunday,TRUE
781,20-02-2023,20,2,February,1,2023,8,Monday,FALSE
782,21-02-2023,21,2,February,1,2023,8,Tuesday,FALSE
783,22-02-2023,22,2,February,1,2023,8,Wednesday,FALSE
784,23-02-2023,23,2,February,1,2023,8,Thursday,FALSE
785,24-02-2023,24,2,February,1,2023,8,Friday,FALSE
786,25-02-2023,25,2,February,1,2023,8,Saturday,TRUE
787,26-02-2023,26,2,February,1,2023,8,Sunday,TRUE
788,27-02-2023,27,2,February,1,2023,9,Monday,FALSE
789,28-02-2023,28,2,February,1,2023,9,Tuesday,FALSE
790,01-03-2023,1,3,March,1,2023,9,Wednesday,FALSE
791,02-03-2023,2,3,March,1,2023,9,Thursday,FALSE
792,03-03-2023,3,3,March,1,2023,9,Friday,FALSE
793,04-03-2023,4,3,March,1,2023,9,Saturday,TRUE
794,05-03-2023,5,3,March,1,2023,9,Sunday,TRUE
795,06-03-2023,6,3,March,1,2023,10,Monday,FALSE
796,07-03-2023,7,3,March,1,2023,10,Tuesday,FALSE
797,08-03-2023,8,3,March,1,2023,10,Wednesday,FALSE
798,09-03-2023,9,3,March,1,2023,10,Thursday,FALSE
799,10-03-2023,10,3,March,1,2023,10,Friday,FALSE
800,11-03-2023,11,3,March,1,2023,10,Saturday,TRUE
801,12-03-2023,12,3,March,1,2023,10,Sunday,TRUE
802,13-03-2023,13,3,March,1,2023,11,Monday,FALSE
803,14-03-2023,14,3,March,1,2023,11,Tuesday,FALSE
804,15-03-2023,15,3,March,1,2023,11,Wednesday,FALSE
805,16-03-2023,16,3,March,1,2023,11,Thursday,FALSE
806,17-03-2023,17,3,March,1,2023,11,Friday,FALSE
807,18-03-2023,18,3,March,1,2023,11,Saturday,TRUE
808,19-03-2023,19,3,March,1,2023,11,Sunday,TRUE
809,20-03-2023,20,3,March,1,2023,12,Monday,FALSE
810,21-03-2023,21,3,March,1,2023,12,Tuesday,FALSE
811,22-03-2023,22,3,March,1,2023,12,Wednesday,FALSE
812,23-03-2023,23,3,March,1,2023,12,Thursday,FALSE
813,24-03-2023,24,3,March,1,2023,12,Friday,FALSE
814,25-03-2023,25,3,March,1,2023,12,Saturday,TRUE
815,26-03-2023,26,3,March,1,2023,12,Sunday,TRUE
816,27-03-2023,27,3,March,1,2023,13,Monday,FALSE
817,28-03-2023,28,3,March,1,2023,13,Tuesday,FALSE
818,29-03-2023,29,3,March,1,2023,13,Wednesday,FALSE
819,30-03-2023,30,3,March,1,2023,13,Thursday,FALSE
820,31-03-2023,31,3,March,1,2023,13,Friday,FALSE
821,01-04-2023,1,4,April,2,2023,13,Saturday,TRUE
822,02-04-2023,2,4,April,2,2023,13,Sunday,TRUE
823,03-04-2023,3,4,April,2,2023,14,Monday,FALSE
824,04-04-2023,4,4,April,2,2023,14,Tuesday,FALSE
825,05-04-2023,5,4,April,2,2023,14,Wednesday,FALSE
826,06-04-2023,6,4,April,2,2023,14,Thursday,FALSE
827,07-04-2023,7,4,April,2,2023,14,Friday,FALSE
828,08-04-2023,8,4,April,2,2023,14,Saturday,TRUE
829,09-04-2023,9,4,April,2,2023,14,Sunday,TRUE
830,10-04-2023,10,4,April,2,2023,15,Monday,FALSE
831,11-04-2023,11,4,April,2,2023,15,Tuesday,FALSE
832,12-04-2023,12,4,April,2,2023,15,Wednesday,FALSE
833,13-04-2023,13,4,April,2,2023,15,Thursday,FALSE
834,14-04-2023,14,4,April,2,2023,15,Friday,FALSE
835,15-04-2023,15,4,April,2,2023,15,Saturday,TRUE
836,16-04-2023,16,4,April,2,2023,15,Sunday,TRUE
837,17-04-2023,17,4,April,2,2023,16,Monday,FALSE
838,18-04-2023,18,4,April,2,2023,16,Tuesday,FALSE
839,19-04-2023,19,4,April,2,2023,16,Wednesday,FALSE
840,20-04-2023,20,4,April,2,2023,16,Thursday,FALSE
841,21-04-2023,21,4,April,2,2023,16,Friday,FALSE
842,22-04-2023,22,4,April,2,2023,16,Saturday,TRUE
843,23-04-2023,23,4,April,2,2023,16,Sunday,TRUE
844,24-04-2023,24,4,April,2,2023,17,Monday,FALSE
845,25-04-2023,25,4,April,2,2023,17,Tuesday,FALSE
846,26-04-2023,26,4,April,2,2023,17,Wednesday,FALSE
847,27-04-2023,27,4,April,2,2023,17,Thursday,FALSE
848,28-04-2023,28,4,April,2,2023,17,Friday,FALSE
849,29-04-2023,29,4,April,2,2023,17,Saturday,TRUE
850,30-04-2023,30,4,April,2,2023,17,Sunday,TRUE
851,01-05-2023,1,5,May,2,2023,18,Monday,FALSE
852,02-05-2023,2,5,May,2,2023,18,Tuesday,FALSE
853,03-05-2023,3,5,May,2,2023,18,Wednesday,FALSE
854,04-05-2023,4,5,May,2,2023,18,Thursday,FALSE
855,05-05-2023,5,5,May,2,2023,18,Friday,FALSE
856,06-05-2023,6,5,May,2,2023,18,Saturday,TRUE
857,07-05-2023,7,5,May,2,2023,18,Sunday,TRUE
858,08-05-2023,8,5,May,2,2023,19,Monday,FALSE
859,09-05-2023,9,5,May,2,2023,19,Tuesday,FALSE
860,10-05-2023,10,5,May,2,2023,19,Wednesday,FALSE
861,11-05-2023,11,5,May,2,2023,19,Thursday,FALSE
862,12-05-2023,12,5,May,2,2023,19,Friday,FALSE
863,13-05-2023,13,5,May,2,2023,19,Saturday,TRUE
864,14-05-2023,14,5,May,2,2023,19,Sunday,TRUE
865,15-05-2023,15,5,May,2,2023,20,Monday,FALSE
866,16-05-2023,16,5,May,2,2023,20,Tuesday,FALSE
867,17-05-2023,17,5,May,2,2023,20,Wednesday,FALSE
868,18-05-2023,18,5,May,2,2023,20,Thursday,FALSE
869,19-05-2023,19,5,May,2,2023,20,Friday,FALSE
870,20-05-2023,20,5,May,2,2023,20,Saturday,TRUE
871,21-05-2023,21,5,May,2,2023,20,Sunday,TRUE
872,22-05-2023,22,5,May,2,2023,21,Monday,FALSE
873,23-05-2023,23,5,May,2,2023,21,Tuesday,FALSE
874,24-05-2023,24,5,May,2,2023,21,Wednesday,FALSE
875,25-05-2023,25,5,May,2,2023,21,Thursday,FALSE
876,26-05-2023,26,5,May,2,2023,21,Friday,FALSE
877,27-05-2023,27,5,May,2,2023,21,Saturday,TRUE
878,28-05-2023,28,5,May,2,2023,21,Sunday,TRUE
879,29-05-2023,29,5,May,2,2023,22,Monday,FALSE
880,30-05-2023,30,5,May,2,2023,22,Tuesday,FALSE
881,31-05-2023,31,5,May,2,2023,22,Wednesday,FALSE
882,01-06-2023,1,6,June,2,2023,22,Thursday,FALSE
883,02-06-2023,2,6,June,2,2023,22,Friday,FALSE
884,03-06-2023,3,6,June,2,2023,22,Saturday,TRUE
885,04-06-2023,4,6,June,2,2023,22,Sunday,TRUE
886,05-06-2023,5,6,June,2,2023,23,Monday,FALSE
887,06-06-2023,6,6,June,2,2023,23,Tuesday,FALSE
888,07-06-2023,7,6,June,2,2023,23,Wednesday,FALSE
889,08-06-2023,8,6,June,2,2023,23,Thursday,FALSE
890,09-06-2023,9,6,June,2,2023,23,Friday,FALSE
891,10-06-2023,10,6,June,2,2023,23,Saturday,TRUE
892,11-06-2023,11,6,June,2,2023,23,Sunday,TRUE
893,12-06-2023,12,6,June,2,2023,24,Monday,FALSE
894,13-06-2023,13,6,June,2,2023,24,Tuesday,FALSE
895,14-06-2023,14,6,June,2,2023,24,Wednesday,FALSE
896,15-06-2023,15,6,June,2,2023,24,Thursday,FALSE
897,16-06-2023,16,6,June,2,2023,24,Friday,FALSE
898,17-06-2023,17,6,June,2,2023,24,Saturday,TRUE
899,18-06-2023,18,6,June,2,2023,24,Sunday,TRUE
900,19-06-2023,19,6,June,2,2023,25,Monday,FALSE
901,20-06-2023,20,6,June,2,2023,25,Tuesday,FALSE
902,21-06-2023,21,6,June,2,2023,25,Wednesday,FALSE
903,22-06-2023,22,6,June,2,2023,25,Thursday,FALSE
904,23-06-2023,23,6,June,2,2023,25,Friday,FALSE
905,24-06-2023,24,6,June,2,2023,25,Saturday,TRUE
906,25-06-2023,25,6,June,2,2023,25,Sunday,TRUE
907,26-06-2023,26,6,June,2,2023,26,Monday,FALSE
908,27-06-2023,27,6,June,2,2023,26,Tuesday,FALSE
909,28-06-2023,28,6,June,2,2023,26,Wednesday,FALSE
910,29-06-2023,29,6,June,2,2023,26,Thursday,FALSE
911,30-06-2023,30,6,June,2,2023,26,Friday,FALSE
912,01-07-2023,1,7,July,3,2023,26,Saturday,TRUE
913,02-07-2023,2,7,July,3,2023,26,Sunday,TRUE
914,03-07-2023,3,7,July,3,2023,27,Monday,FALSE
915,04-07-2023,4,7,July,3,2023,27,Tuesday,FALSE
916,05-07-2023,5,7,July,3,2023,27,Wednesday,FALSE
917,06-07-2023,6,7,July,3,2023,27,Thursday,FALSE
918,07-07-2023,7,7,July,3,2023,27,Friday,FALSE
919,08-07-2023,8,7,July,3,2023,27,Saturday,TRUE
920,09-07-2023,9,7,July,3,2023,27,Sunday,TRUE
921,10-07-2023,10,7,July,3,2023,28,Monday,FALSE
922,11-07-2023,11,7,July,3,2023,28,Tuesday,FALSE
923,12-07-2023,12,7,July,3,2023,28,Wednesday,FALSE
924,13-07-2023,13,7,July,3,2023,28,Thursday,FALSE
925,14-07-2023,14,7,July,3,2023,28,Friday,FALSE
926,15-07-2023,15,7,July,3,2023,28,Saturday,TRUE
927,16-07-2023,16,7,July,3,2023,28,Sunday,TRUE
928,17-07-2023,17,7,July,3,2023,29,Monday,FALSE
929,18-07-2023,18,7,July,3,2023,29,Tuesday,FALSE
930,19-07-2023,19,7,July,3,2023,29,Wednesday,FALSE
931,20-07-2023,20,7,July,3,2023,29,Thursday,FALSE
932,21-07-2023,21,7,July,3,2023,29,Friday,FALSE
933,22-07-2023,22,7,July,3,2023,29,Saturday,TRUE
934,23-07-2023,23,7,July,3,2023,29,Sunday,TRUE
935,24-07-2023,24,7,July,3,2023,30,Monday,FALSE
936,25-07-2023,25,7,July,3,2023,30,Tuesday,FALSE
937,26-07-2023,26,7,July,3,2023,30,Wednesday,FALSE
938,27-07-2023,27,7,July,3,2023,30,Thursday,FALSE
939,28-07-2023,28,7,July,3,2023,30,Friday,FALSE
940,29-07-2023,29,7,July,3,2023,30,Saturday,TRUE
941,30-07-2023,30,7,July,3,2023,30,Sunday,TRUE
942,31-07-2023,31,7,July,3,2023,31,Monday,FALSE
943,01-08-2023,1,8,August,3,2023,31,Tuesday,FALSE
944,02-08-2023,2,8,August,3,2023,31,Wednesday,FALSE
945,03-08-2023,3,8,August,3,2023,31,Thursday,FALSE
946,04-08-2023,4,8,August,3,2023,31,Friday,FALSE
947,05-08-2023,5,8,August,3,2023,31,Saturday,TRUE
948,06-08-2023,6,8,August,3,2023,31,Sunday,TRUE
949,07-08-2023,7,8,August,3,2023,32,Monday,FALSE
950,08-08-2023,8,8,August,3,2023,32,Tuesday,FALSE
951,09-08-2023,9,8,August,3,2023,32,Wednesday,FALSE
952,10-08-2023,10,8,August,3,2023,32,Thursday,FALSE
953,11-08-2023,11,8,August,3,2023,32,Friday,FALSE
954,12-08-2023,12,8,August,3,2023,32,Saturday,TRUE
955,13-08-2023,13,8,August,3,2023,32,Sunday,TRUE
956,14-08-2023,14,8,August,3,2023,33,Monday,FALSE
957,15-08-2023,15,8,August,3,2023,33,Tuesday,FALSE
958,16-08-2023,16,8,August,3,2023,33,Wednesday,FALSE
959,17-08-2023,17,8,August,3,2023,33,Thursday,FALSE
960,18-08-2023,18,8,August,3,2023,33,Friday,FALSE
961,19-08-2023,19,8,August,3,2023,33,Saturday,TRUE
962,20-08-2023,20,8,August,3,2023,33,Sunday,TRUE
963,21-08-2023,21,8,August,3,2023,34,Monday,FALSE
964,22-08-2023,22,8,August,3,2023,34,Tuesday,FALSE
965,23-08-2023,23,8,August,3,2023,34,Wednesday,FALSE
966,24-08-2023,24,8,August,3,2023,34,Thursday,FALSE
967,25-08-2023,25,8,August,3,2023,34,Friday,FALSE
968,26-08-2023,26,8,August,3,2023,34,Saturday,TRUE
969,27-08-2023,27,8,August,3,2023,34,Sunday,TRUE
970,28-08-2023,28,8,August,3,2023,35,Monday,FALSE
971,29-08-2023,29,8,August,3,2023,35,Tuesday,FALSE
972,30-08-2023,30,8,August,3,2023,35,Wednesday,FALSE
973,31-08-2023,31,8,August,3,2023,35,Thursday,FALSE
974,01-09-2023,1,9,September,3,2023,35,Friday,FALSE
975,02-09-2023,2,9,September,3,2023,35,Saturday,TRUE
976,03-09-2023,3,9,September,3,2023,35,Sunday,TRUE
977,04-09-2023,4,9,September,3,2023,36,Monday,FALSE
978,05-09-2023,5,9,September,3,2023,36,Tuesday,FALSE
979,06-09-2023,6,9,September,3,2023,36,Wednesday,FALSE
980,07-09-2023,7,9,September,3,2023,36,Thursday,FALSE
981,08-09-2023,8,9,September,3,2023,36,Friday,FALSE
982,09-09-2023,9,9,September,3,2023,36,Saturday,TRUE
983,10-09-2023,10,9,September,3,2023,36,Sunday,TRUE
984,11-09-2023,11,9,September,3,2023,37,Monday,FALSE
985,12-09-2023,12,9,September,3,2023,37,Tuesday,FALSE
986,13-09-2023,13,9,September,3,2023,37,Wednesday,FALSE
987,14-09-2023,14,9,September,3,2023,37,Thursday,FALSE
988,15-09-2023,15,9,September,3,2023,37,Friday,FALSE
989,16-09-2023,16,9,September,3,2023,37,Saturday,TRUE
990,17-09-2023,17,9,September,3,2023,37,Sunday,TRUE
991,18-09-2023,18,9,September,3,2023,38,Monday,FALSE
992,19-09-2023,19,9,September,3,2023,38,Tuesday,FALSE
993,20-09-2023,20,9,September,3,2023,38,Wednesday,FALSE
994,21-09-2023,21,9,September,3,2023,38,Thursday,FALSE
995,22-09-2023,22,9,September,3,2023,38,Friday,FALSE
996,23-09-2023,23,9,September,3,2023,38,Saturday,TRUE
997,24-09-2023,24,9,September,3,2023,38,Sunday,TRUE
998,25-09-2023,25,9,September,3,2023,39,Monday,FALSE
999,26-09-2023,26,9,September,3,2023,39,Tuesday,FALSE
1000,27-09-2023,27,9,September,3,2023,39,Wednesday,FALSE
1001,28-09-2023,28,9,September,3,2023,39,Thursday,FALSE
1002,29-09-2023,29,9,September,3,2023,39,Friday,FALSE
1003,30-09-2023,30,9,September,3,2023,39,Saturday,TRUE
1004,01-10-2023,1,10,October,4,2023,39,Sunday,TRUE
1005,02-10-2023,2,10,October,4,2023,40,Monday,FALSE
1006,03-10-2023,3,10,October,4,2023,40,Tuesday,FALSE
1007,04-10-2023,4,10,October,4,2023,40,Wednesday,FALSE
1008,05-10-2023,5,10,October,4,2023,40,Thursday,FALSE
1009,06-10-2023,6,10,October,4,2023,40,Friday,FALSE
1010,07-10-2023,7,10,October,4,2023,40,Saturday,TRUE
1011,08-10-2023,8,10,October,4,2023,40,Sunday,TRUE
1012,09-10-2023,9,10,October,4,2023,41,Monday,FALSE
1013,10-10-2023,10,10,October,4,2023,41,Tuesday,FALSE
1014,11-10-2023,11,10,October,4,2023,41,Wednesday,FALSE
1015,12-10-2023,12,10,October,4,2023,41,Thursday,FALSE
1016,13-10-2023,13,10,October,4,2023,41,Friday,FALSE
1017,14-10-2023,14,10,October,4,2023,41,Saturday,TRUE
1018,15-10-2023,15,10,October,4,2023,41,Sunday,TRUE
1019,16-10-2023,16,10,October,4,2023,42,Monday,FALSE
1020,17-10-2023,17,10,October,4,2023,42,Tuesday,FALSE
1021,18-10-2023,18,10,October,4,2023,42,Wednesday,FALSE
1022,19-10-2023,19,10,October,4,2023,42,Thursday,FALSE
1023,20-10-2023,20,10,October,4,2023,42,Friday,FALSE
1024,21-10-2023,21,10,October,4,2023,42,Saturday,TRUE
1025,22-10-2023,22,10,October,4,2023,42,Sunday,TRUE
1026,23-10-2023,23,10,October,4,2023,43,Monday,FALSE
1027,24-10-2023,24,10,October,4,2023,43,Tuesday,FALSE
1028,25-10-2023,25,10,October,4,2023,43,Wednesday,FALSE
1029,26-10-2023,26,10,October,4,2023,43,Thursday,FALSE
1030,27-10-2023,27,10,October,4,2023,43,Friday,FALSE
1031,28-10-2023,28,10,October,4,2023,43,Saturday,TRUE
1032,29-10-2023,29,10,October,4,2023,43,Sunday,TRUE
1033,30-10-2023,30,10,October,4,2023,44,Monday,FALSE
1034,31-10-2023,31,10,October,4,2023,44,Tuesday,FALSE
1035,01-11-2023,1,11,November,4,2023,44,Wednesday,FALSE
1036,02-11-2023,2,11,November,4,2023,44,Thursday,FALSE
1037,03-11-2023,3,11,November,4,2023,44,Friday,FALSE
1038,04-11-2023,4,11,November,4,2023,44,Saturday,TRUE
1039,05-11-2023,5,11,November,4,2023,44,Sunday,TRUE
1040,06-11-2023,6,11,November,4,2023,45,Monday,FALSE
1041,07-11-2023,7,11,November,4,2023,45,Tuesday,FALSE
1042,08-11-2023,8,11,November,4,2023,45,Wednesday,FALSE
1043,09-11-2023,9,11,November,4,2023,45,Thursday,FALSE
1044,10-11-2023,10,11,November,4,2023,45,Friday,FALSE
1045,11-11-2023,11,11,November,4,2023,45,Saturday,TRUE
1046,12-11-2023,12,11,November,4,2023,45,Sunday,TRUE
1047,13-11-2023,13,11,November,4,2023,46,Monday,FALSE
1048,14-11-2023,14,11,November,4,2023,46,Tuesday,FALSE
1049,15-11-2023,15,11,November,4,2023,46,Wednesday,FALSE
1050,16-11-2023,16,11,November,4,2023,46,Thursday,FALSE
1051,17-11-2023,17,11,November,4,2023,46,Friday,FALSE
1052,18-11-2023,18,11,November,4,2023,46,Saturday,TRUE
1053,19-11-2023,19,11,November,4,2023,46,Sunday,TRUE
1054,20-11-2023,20,11,November,4,2023,47,Monday,FALSE
1055,21-11-2023,21,11,November,4,2023,47,Tuesday,FALSE
1056,22-11-2023,22,11,November,4,2023,47,Wednesday,FALSE
1057,23-11-2023,23,11,November,4,2023,47,Thursday,FALSE
1058,24-11-2023,24,11,November,4,2023,47,Friday,FALSE
1059,25-11-2023,25,11,November,4,2023,47,Saturday,TRUE
1060,26-11-2023,26,11,November,4,2023,47,Sunday,TRUE
1061,27-11-2023,27,11,November,4,2023,48,Monday,FALSE
1062,28-11-2023,28,11,November,4,2023,48,Tuesday,FALSE
1063,29-11-2023,29,11,November,4,2023,48,Wednesday,FALSE
1064,30-11-2023,30,11,November,4,2023,48,Thursday,FALSE
1065,01-12-2023,1,12,December,4,2023,48,Friday,FALSE
1066,02-12-2023,2,12,December,4,2023,48,Saturday,TRUE
1067,03-12-2023,3,12,December,4,2023,48,Sunday,TRUE
1068,04-12-2023,4,12,December,4,2023,49,Monday,FALSE
1069,05-12-2023,5,12,December,4,2023,49,Tuesday,FALSE
1070,06-12-2023,6,12,December,4,2023,49,Wednesday,FALSE
1071,07-12-2023,7,12,December,4,2023,49,Thursday,FALSE
1072,08-12-2023,8,12,December,4,2023,49,Friday,FALSE
1073,09-12-2023,9,12,December,4,2023,49,Saturday,TRUE
1074,10-12-2023,10,12,December,4,2023,49,Sunday,TRUE
1075,11-12-2023,11,12,December,4,2023,50,Monday,FALSE
1076,12-12-2023,12,12,December,4,2023,50,Tuesday,FALSE
1077,13-12-2023,13,12,December,4,2023,50,Wednesday,FALSE
1078,14-12-2023,14,12,December,4,2023,50,Thursday,FALSE
1079,15-12-2023,15,12,December,4,2023,50,Friday,FALSE
1080,16-12-2023,16,12,December,4,2023,50,Saturday,TRUE
1081,17-12-2023,17,12,December,4,2023,50,Sunday,TRUE
1082,18-12-2023,18,12,December,4,2023,51,Monday,FALSE
1083,19-12-2023,19,12,December,4,2023,51,Tuesday,FALSE
1084,20-12-2023,20,12,December,4,2023,51,Wednesday,FALSE
1085,21-12-2023,21,12,December,4,2023,51,Thursday,FALSE
1086,22-12-2023,22,12,December,4,2023,51,Friday,FALSE
1087,23-12-2023,23,12,December,4,2023,51,Saturday,TRUE
1088,24-12-2023,24,12,December,4,2023,51,Sunday,TRUE
1089,25-12-2023,25,12,December,4,2023,52,Monday,FALSE
1090,26-12-2023,26,12,December,4,2023,52,Tuesday,FALSE
1091,27-12-2023,27,12,December,4,2023,52,Wednesday,FALSE
1092,28-12-2023,28,12,December,4,2023,52,Thursday,FALSE
1093,29-12-2023,29,12,December,4,2023,52,Friday,FALSE
1094,30-12-2023,30,12,December,4,2023,52,Saturday,TRUE
1095,31-12-2023,31,12,December,4,2023,52,Sunday,TRUE
1096,01-01-2024,1,1,January,1,2024,1,Monday,FALSE
1097,02-01-2024,2,1,January,1,2024,1,Tuesday,FALSE
1098,03-01-2024,3,1,January,1,2024,1,Wednesday,FALSE
1099,04-01-2024,4,1,January,1,2024,1,Thursday,FALSE
1100,05-01-2024,5,1,January,1,2024,1,Friday,FALSE
1101,06-01-2024,6,1,January,1,2024,1,Saturday,TRUE
1102,07-01-2024,7,1,January,1,2024,1,Sunday,TRUE
1103,08-01-2024,8,1,January,1,2024,2,Monday,FALSE
1104,09-01-2024,9,1,January,1,2024,2,Tuesday,FALSE
1105,10-01-2024,10,1,January,1,2024,2,Wednesday,FALSE
1106,11-01-2024,11,1,January,1,2024,2,Thursday,FALSE
1107,12-01-2024,12,1,January,1,2024,2,Friday,FALSE
1108,13-01-2024,13,1,January,1,2024,2,Saturday,TRUE
1109,14-01-2024,14,1,January,1,2024,2,Sunday,TRUE
1110,15-01-2024,15,1,January,1,2024,3,Monday,FALSE
1111,16-01-2024,16,1,January,1,2024,3,Tuesday,FALSE
1112,17-01-2024,17,1,January,1,2024,3,Wednesday,FALSE
1113,18-01-2024,18,1,January,1,2024,3,Thursday,FALSE
1114,19-01-2024,19,1,January,1,2024,3,Friday,FALSE
1115,20-01-2024,20,1,January,1,2024,3,Saturday,TRUE
1116,21-01-2024,21,1,January,1,2024,3,Sunday,TRUE
1117,22-01-2024,22,1,January,1,2024,4,Monday,FALSE
1118,23-01-2024,23,1,January,1,2024,4,Tuesday,FALSE
1119,24-01-2024,24,1,January,1,2024,4,Wednesday,FALSE
1120,25-01-2024,25,1,January,1,2024,4,Thursday,FALSE
1121,26-01-2024,26,1,January,1,2024,4,Friday,FALSE
1122,27-01-2024,27,1,January,1,2024,4,Saturday,TRUE
1123,28-01-2024,28,1,January,1,2024,4,Sunday,TRUE
1124,29-01-2024,29,1,January,1,2024,5,Monday,FALSE
1125,30-01-2024,30,1,January,1,2024,5,Tuesday,FALSE
1126,31-01-2024,31,1,January,1,2024,5,Wednesday,FALSE
1127,01-02-2024,1,2,February,1,2024,5,Thursday,FALSE
1128,02-02-2024,2,2,February,1,2024,5,Friday,FALSE
1129,03-02-2024,3,2,February,1,2024,5,Saturday,TRUE
1130,04-02-2024,4,2,February,1,2024,5,Sunday,TRUE
1131,05-02-2024,5,2,February,1,2024,6,Monday,FALSE
1132,06-02-2024,6,2,February,1,2024,6,Tuesday,FALSE
1133,07-02-2024,7,2,February,1,2024,6,Wednesday,FALSE
1134,08-02-2024,8,2,February,1,2024,6,Thursday,FALSE
1135,09-02-2024,9,2,February,1,2024,6,Friday,FALSE
1136,10-02-2024,10,2,February,1,2024,6,Saturday,TRUE
1137,11-02-2024,11,2,February,1,2024,6,Sunday,TRUE
1138,12-02-2024,12,2,February,1,2024,7,Monday,FALSE
1139,13-02-2024,13,2,February,1,2024,7,Tuesday,FALSE
1140,14-02-2024,14,2,February,1,2024,7,Wednesday,FALSE
1141,15-02-2024,15,2,February,1,2024,7,Thursday,FALSE
1142,16-02-2024,16,2,February,1,2024,7,Friday,FALSE
1143,17-02-2024,17,2,February,1,2024,7,Saturday,TRUE
1144,18-02-2024,18,2,February,1,2024,7,Sunday,TRUE
1145,19-02-2024,19,2,February,1,2024,8,Monday,FALSE
1146,20-02-2024,20,2,February,1,2024,8,Tuesday,FALSE
1147,21-02-2024,21,2,February,1,2024,8,Wednesday,FALSE
1148,22-02-2024,22,2,February,1,2024,8,Thursday,FALSE
1149,23-02-2024,23,2,February,1,2024,8,Friday,FALSE
1150,24-02-2024,24,2,February,1,2024,8,Saturday,TRUE
1151,25-02-2024,25,2,February,1,2024,8,Sunday,TRUE
1152,26-02-2024,26,2,February,1,2024,9,Monday,FALSE
1153,27-02-2024,27,2,February,1,2024,9,Tuesday,FALSE
1154,28-02-2024,28,2,February,1,2024,9,Wednesday,FALSE
1155,29-02-2024,29,2,February,1,2024,9,Thursday,FALSE
1156,01-03-2024,1,3,March,1,2024,9,Friday,FALSE
1157,02-03-2024,2,3,March,1,2024,9,Saturday,TRUE
1158,03-03-2024,3,3,March,1,2024,9,Sunday,TRUE
1159,04-03-2024,4,3,March,1,2024,10,Monday,FALSE
1160,05-03-2024,5,3,March,1,2024,10,Tuesday,FALSE
1161,06-03-2024,6,3,March,1,2024,10,Wednesday,FALSE
1162,07-03-2024,7,3,March,1,2024,10,Thursday,FALSE
1163,08-03-2024,8,3,March,1,2024,10,Friday,FALSE
1164,09-03-2024,9,3,March,1,2024,10,Saturday,TRUE
1165,10-03-2024,10,3,March,1,2024,10,Sunday,TRUE
1166,11-03-2024,11,3,March,1,2024,11,Monday,FALSE
1167,12-03-2024,12,3,March,1,2024,11,Tuesday,FALSE
1168,13-03-2024,13,3,March,1,2024,11,Wednesday,FALSE
1169,14-03-2024,14,3,March,1,2024,11,Thursday,FALSE
1170,15-03-2024,15,3,March,1,2024,11,Friday,FALSE
1171,16-03-2024,16,3,March,1,2024,11,Saturday,TRUE
1172,17-03-2024,17,3,March,1,2024,11,Sunday,TRUE
1173,18-03-2024,18,3,March,1,2024,12,Monday,FALSE
1174,19-03-2024,19,3,March,1,2024,12,Tuesday,FALSE
1175,20-03-2024,20,3,March,1,2024,12,Wednesday,FALSE
1176,21-03-2024,21,3,March,1,2024,12,Thursday,FALSE
1177,22-03-2024,22,3,March,1,2024,12,Friday,FALSE
1178,23-03-2024,23,3,March,1,2024,12,Saturday,TRUE
1179,24-03-2024,24,3,March,1,2024,12,Sunday,TRUE
1180,25-03-2024,25,3,March,1,2024,13,Monday,FALSE
1181,26-03-2024,26,3,March,1,2024,13,Tuesday,FALSE
1182,27-03-2024,27,3,March,1,2024,13,Wednesday,FALSE
1183,28-03-2024,28,3,March,1,2024,13,Thursday,FALSE
1184,29-03-2024,29,3,March,1,2024,13,Friday,FALSE
1185,30-03-2024,30,3,March,1,2024,13,Saturday,TRUE
1186,31-03-2024,31,3,March,1,2024,13,Sunday,TRUE
1187,01-04-2024,1,4,April,2,2024,14,Monday,FALSE
1188,02-04-2024,2,4,April,2,2024,14,Tuesday,FALSE
1189,03-04-2024,3,4,April,2,2024,14,Wednesday,FALSE
1190,04-04-2024,4,4,April,2,2024,14,Thursday,FALSE
1191,05-04-2024,5,4,April,2,2024,14,Friday,FALSE
1192,06-04-2024,6,4,April,2,2024,14,Saturday,TRUE
1193,07-04-2024,7,4,April,2,2024,14,Sunday,TRUE
1194,08-04-2024,8,4,April,2,2024,15,Monday,FALSE
1195,09-04-2024,9,4,April,2,2024,15,Tuesday,FALSE
1196,10-04-2024,10,4,April,2,2024,15,Wednesday,FALSE
1197,11-04-2024,11,4,April,2,2024,15,Thursday,FALSE
1198,12-04-2024,12,4,April,2,2024,15,Friday,FALSE
1199,13-04-2024,13,4,April,2,2024,15,Saturday,TRUE
1200,14-04-2024,14,4,April,2,2024,15,Sunday,TRUE
1201,15-04-2024,15,4,April,2,2024,16,Monday,FALSE
1202,16-04-2024,16,4,April,2,2024,16,Tuesday,FALSE
1203,17-04-2024,17,4,April,2,2024,16,Wednesday,FALSE
1204,18-04-2024,18,4,April,2,2024,16,Thursday,FALSE
1205,19-04-2024,19,4,April,2,2024,16,Friday,FALSE
1206,20-04-2024,20,4,April,2,2024,16,Saturday,TRUE
1207,21-04-2024,21,4,April,2,2024,16,Sunday,TRUE
1208,22-04-2024,22,4,April,2,2024,17,Monday,FALSE
1209,23-04-2024,23,4,April,2,2024,17,Tuesday,FALSE
1210,24-04-2024,24,4,April,2,2024,17,Wednesday,FALSE
1211,25-04-2024,25,4,April,2,2024,17,Thursday,FALSE
1212,26-04-2024,26,4,April,2,2024,17,Friday,FALSE
1213,27-04-2024,27,4,April,2,2024,17,Saturday,TRUE
1214,28-04-2024,28,4,April,2,2024,17,Sunday,TRUE
1215,29-04-2024,29,4,April,2,2024,18,Monday,FALSE
1216,30-04-2024,30,4,April,2,2024,18,Tuesday,FALSE
1217,01-05-2024,1,5,May,2,2024,18,Wednesday,FALSE
1218,02-05-2024,2,5,May,2,2024,18,Thursday,FALSE
1219,03-05-2024,3,5,May,2,2024,18,Friday,FALSE
1220,04-05-2024,4,5,May,2,2024,18,Saturday,TRUE
1221,05-05-2024,5,5,May,2,2024,18,Sunday,TRUE
1222,06-05-2024,6,5,May,2,2024,19,Monday,FALSE
1223,07-05-2024,7,5,May,2,2024,19,Tuesday,FALSE
1224,08-05-2024,8,5,May,2,2024,19,Wednesday,FALSE
1225,09-05-2024,9,5,May,2,2024,19,Thursday,FALSE
1226,10-05-2024,10,5,May,2,2024,19,Friday,FALSE
1227,11-05-2024,11,5,May,2,2024,19,Saturday,TRUE
1228,12-05-2024,12,5,May,2,2024,19,Sunday,TRUE
1229,13-05-2024,13,5,May,2,2024,20,Monday,FALSE
1230,14-05-2024,14,5,May,2,2024,20,Tuesday,FALSE
1231,15-05-2024,15,5,May,2,2024,20,Wednesday,FALSE
1232,16-05-2024,16,5,May,2,2024,20,Thursday,FALSE
1233,17-05-2024,17,5,May,2,2024,20,Friday,FALSE
1234,18-05-2024,18,5,May,2,2024,20,Saturday,TRUE
1235,19-05-2024,19,5,May,2,2024,20,Sunday,TRUE
1236,20-05-2024,20,5,May,2,2024,21,Monday,FALSE
1237,21-05-2024,21,5,May,2,2024,21,Tuesday,FALSE
1238,22-05-2024,22,5,May,2,2024,21,Wednesday,FALSE
1239,23-05-2024,23,5,May,2,2024,21,Thursday,FALSE
1240,24-05-2024,24,5,May,2,2024,21,Friday,FALSE
1241,25-05-2024,25,5,May,2,2024,21,Saturday,TRUE
1242,26-05-2024,26,5,May,2,2024,21,Sunday,TRUE
1243,27-05-2024,27,5,May,2,2024,22,Monday,FALSE
1244,28-05-2024,28,5,May,2,2024,22,Tuesday,FALSE
1245,29-05-2024,29,5,May,2,2024,22,Wednesday,FALSE
1246,30-05-2024,30,5,May,2,2024,22,Thursday,FALSE
1247,31-05-2024,31,5,May,2,2024,22,Friday,FALSE
1248,01-06-2024,1,6,June,2,2024,22,Saturday,TRUE
1249,02-06-2024,2,6,June,2,2024,22,Sunday,TRUE
1250,03-06-2024,3,6,June,2,2024,23,Monday,FALSE
1251,04-06-2024,4,6,June,2,2024,23,Tuesday,FALSE
1252,05-06-2024,5,6,June,2,2024,23,Wednesday,FALSE
1253,06-06-2024,6,6,June,2,2024,23,Thursday,FALSE
1254,07-06-2024,7,6,June,2,2024,23,Friday,FALSE
1255,08-06-2024,8,6,June,2,2024,23,Saturday,TRUE
1256,09-06-2024,9,6,June,2,2024,23,Sunday,TRUE
1257,10-06-2024,10,6,June,2,2024,24,Monday,FALSE
1258,11-06-2024,11,6,June,2,2024,24,Tuesday,FALSE
1259,12-06-2024,12,6,June,2,2024,24,Wednesday,FALSE
1260,13-06-2024,13,6,June,2,2024,24,Thursday,FALSE
1261,14-06-2024,14,6,June,2,2024,24,Friday,FALSE
1262,15-06-2024,15,6,June,2,2024,24,Saturday,TRUE
1263,16-06-2024,16,6,June,2,2024,24,Sunday,TRUE
1264,17-06-2024,17,6,June,2,2024,25,Monday,FALSE
1265,18-06-2024,18,6,June,2,2024,25,Tuesday,FALSE
1266,19-06-2024,19,6,June,2,2024,25,Wednesday,FALSE
1267,20-06-2024,20,6,June,2,2024,25,Thursday,FALSE
1268,21-06-2024,21,6,June,2,2024,25,Friday,FALSE
1269,22-06-2024,22,6,June,2,2024,25,Saturday,TRUE
1270,23-06-2024,23,6,June,2,2024,25,Sunday,TRUE
1271,24-06-2024,24,6,June,2,2024,26,Monday,FALSE
1272,25-06-2024,25,6,June,2,2024,26,Tuesday,FALSE
1273,26-06-2024,26,6,June,2,2024,26,Wednesday,FALSE
1274,27-06-2024,27,6,June,2,2024,26,Thursday,FALSE
1275,28-06-2024,28,6,June,2,2024,26,Friday,FALSE
1276,29-06-2024,29,6,June,2,2024,26,Saturday,TRUE
1277,30-06-2024,30,6,June,2,2024,26,Sunday,TRUE
1278,01-07-2024,1,7,July,3,2024,27,Monday,FALSE
1279,02-07-2024,2,7,July,3,2024,27,Tuesday,FALSE
1280,03-07-2024,3,7,July,3,2024,27,Wednesday,FALSE
1281,04-07-2024,4,7,July,3,2024,27,Thursday,FALSE
1282,05-07-2024,5,7,July,3,2024,27,Friday,FALSE
1283,06-07-2024,6,7,July,3,2024,27,Saturday,TRUE
1284,07-07-2024,7,7,July,3,2024,27,Sunday,TRUE
1285,08-07-2024,8,7,July,3,2024,28,Monday,FALSE
1286,09-07-2024,9,7,July,3,2024,28,Tuesday,FALSE
1287,10-07-2024,10,7,July,3,2024,28,Wednesday,FALSE
1288,11-07-2024,11,7,July,3,2024,28,Thursday,FALSE
1289,12-07-2024,12,7,July,3,2024,28,Friday,FALSE
1290,13-07-2024,13,7,July,3,2024,28,Saturday,TRUE
1291,14-07-2024,14,7,July,3,2024,28,Sunday,TRUE
1292,15-07-2024,15,7,July,3,2024,29,Monday,FALSE
1293,16-07-2024,16,7,July,3,2024,29,Tuesday,FALSE
1294,17-07-2024,17,7,July,3,2024,29,Wednesday,FALSE
1295,18-07-2024,18,7,July,3,2024,29,Thursday,FALSE
1296,19-07-2024,19,7,July,3,2024,29,Friday,FALSE
1297,20-07-2024,20,7,July,3,2024,29,Saturday,TRUE
1298,21-07-2024,21,7,July,3,2024,29,Sunday,TRUE
1299,22-07-2024,22,7,July,3,2024,30,Monday,FALSE
1300,23-07-2024,23,7,July,3,2024,30,Tuesday,FALSE
1301,24-07-2024,24,7,July,3,2024,30,Wednesday,FALSE
1302,25-07-2024,25,7,July,3,2024,30,Thursday,FALSE
1303,26-07-2024,26,7,July,3,2024,30,Friday,FALSE
1304,27-07-2024,27,7,July,3,2024,30,Saturday,TRUE
1305,28-07-2024,28,7,July,3,2024,30,Sunday,TRUE
1306,29-07-2024,29,7,July,3,2024,31,Monday,FALSE
1307,30-07-2024,30,7,July,3,2024,31,Tuesday,FALSE
1308,31-07-2024,31,7,July,3,2024,31,Wednesday,FALSE
1309,01-08-2024,1,8,August,3,2024,31,Thursday,FALSE
1310,02-08-2024,2,8,August,3,2024,31,Friday,FALSE
1311,03-08-2024,3,8,August,3,2024,31,Saturday,TRUE
1312,04-08-2024,4,8,August,3,2024,31,Sunday,TRUE
1313,05-08-2024,5,8,August,3,2024,32,Monday,FALSE
1314,06-08-2024,6,8,August,3,2024,32,Tuesday,FALSE
1315,07-08-2024,7,8,August,3,2024,32,Wednesday,FALSE
1316,08-08-2024,8,8,August,3,2024,32,Thursday,FALSE
1317,09-08-2024,9,8,August,3,2024,32,Friday,FALSE
1318,10-08-2024,10,8,August,3,2024,32,Saturday,TRUE
1319,11-08-2024,11,8,August,3,2024,32,Sunday,TRUE
1320,12-08-2024,12,8,August,3,2024,33,Monday,FALSE
1321,13-08-2024,13,8,August,3,2024,33,Tuesday,FALSE
1322,14-08-2024,14,8,August,3,2024,33,Wednesday,FALSE
1323,15-08-2024,15,8,August,3,2024,33,Thursday,FALSE
1324,16-08-2024,16,8,August,3,2024,33,Friday,FALSE
1325,17-08-2024,17,8,August,3,2024,33,Saturday,TRUE
1326,18-08-2024,18,8,August,3,2024,33,Sunday,TRUE
1327,19-08-2024,19,8,August,3,2024,34,Monday,FALSE
1328,20-08-2024,20,8,August,3,2024,34,Tuesday,FALSE
1329,21-08-2024,21,8,August,3,2024,34,Wednesday,FALSE
1330,22-08-2024,22,8,August,3,2024,34,Thursday,FALSE
1331,23-08-2024,23,8,August,3,2024,34,Friday,FALSE
1332,24-08-2024,24,8,August,3,2024,34,Saturday,TRUE
1333,25-08-2024,25,8,August,3,2024,34,Sunday,TRUE
1334,26-08-2024,26,8,August,3,2024,35,Monday,FALSE
1335,27-08-2024,27,8,August,3,2024,35,Tuesday,FALSE
1336,28-08-2024,28,8,August,3,2024,35,Wednesday,FALSE
1337,29-08-2024,29,8,August,3,2024,35,Thursday,FALSE
1338,30-08-2024,30,8,August,3,2024,35,Friday,FALSE
1339,31-08-2024,31,8,August,3,2024,35,Saturday,TRUE
1340,01-09-2024,1,9,September,3,2024,35,Sunday,TRUE
1341,02-09-2024,2,9,September,3,2024,36,Monday,FALSE
1342,03-09-2024,3,9,September,3,2024,36,Tuesday,FALSE
1343,04-09-2024,4,9,September,3,2024,36,Wednesday,FALSE
1344,05-09-2024,5,9,September,3,2024,36,Thursday,FALSE
1345,06-09-2024,6,9,September,3,2024,36,Friday,FALSE
1346,07-09-2024,7,9,September,3,2024,36,Saturday,TRUE
1347,08-09-2024,8,9,September,3,2024,36,Sunday,TRUE
1348,09-09-2024,9,9,September,3,2024,37,Monday,FALSE
1349,10-09-2024,10,9,September,3,2024,37,Tuesday,FALSE
1350,11-09-2024,11,9,September,3,2024,37,Wednesday,FALSE
1351,12-09-2024,12,9,September,3,2024,37,Thursday,FALSE
1352,13-09-2024,13,9,September,3,2024,37,Friday,FALSE
1353,14-09-2024,14,9,September,3,2024,37,Saturday,TRUE
1354,15-09-2024,15,9,September,3,2024,37,Sunday,TRUE
1355,16-09-2024,16,9,September,3,2024,38,Monday,FALSE
1356,17-09-2024,17,9,September,3,2024,38,Tuesday,FALSE
1357,18-09-2024,18,9,September,3,2024,38,Wednesday,FALSE
1358,19-09-2024,19,9,September,3,2024,38,Thursday,FALSE
1359,20-09-2024,20,9,September,3,2024,38,Friday,FALSE
1360,21-09-2024,21,9,September,3,2024,38,Saturday,TRUE
1361,22-09-2024,22,9,September,3,2024,38,Sunday,TRUE
1362,23-09-2024,23,9,September,3,2024,39,Monday,FALSE
1363,24-09-2024,24,9,September,3,2024,39,Tuesday,FALSE
1364,25-09-2024,25,9,September,3,2024,39,Wednesday,FALSE
1365,26-09-2024,26,9,September,3,2024,39,Thursday,FALSE
1366,27-09-2024,27,9,September,3,2024,39,Friday,FALSE
1367,28-09-2024,28,9,September,3,2024,39,Saturday,TRUE
1368,29-09-2024,29,9,September,3,2024,39,Sunday,TRUE
1369,30-09-2024,30,9,September,3,2024,40,Monday,FALSE
1370,01-10-2024,1,10,October,4,2024,40,Tuesday,FALSE
1371,02-10-2024,2,10,October,4,2024,40,Wednesday,FALSE
1372,03-10-2024,3,10,October,4,2024,40,Thursday,FALSE
1373,04-10-2024,4,10,October,4,2024,40,Friday,FALSE
1374,05-10-2024,5,10,October,4,2024,40,Saturday,TRUE
1375,06-10-2024,6,10,October,4,2024,40,Sunday,TRUE
1376,07-10-2024,7,10,October,4,2024,41,Monday,FALSE
1377,08-10-2024,8,10,October,4,2024,41,Tuesday,FALSE
1378,09-10-2024,9,10,October,4,2024,41,Wednesday,FALSE
1379,10-10-2024,10,10,October,4,2024,41,Thursday,FALSE
1380,11-10-2024,11,10,October,4,2024,41,Friday,FALSE
1381,12-10-2024,12,10,October,4,2024,41,Saturday,TRUE
1382,13-10-2024,13,10,October,4,2024,41,Sunday,TRUE
1383,14-10-2024,14,10,October,4,2024,42,Monday,FALSE
1384,15-10-2024,15,10,October,4,2024,42,Tuesday,FALSE
1385,16-10-2024,16,10,October,4,2024,42,Wednesday,FALSE
1386,17-10-2024,17,10,October,4,2024,42,Thursday,FALSE
1387,18-10-2024,18,10,October,4,2024,42,Friday,FALSE
1388,19-10-2024,19,10,October,4,2024,42,Saturday,TRUE
1389,20-10-2024,20,10,October,4,2024,42,Sunday,TRUE
1390,21-10-2024,21,10,October,4,2024,43,Monday,FALSE
1391,22-10-2024,22,10,October,4,2024,43,Tuesday,FALSE
1392,23-10-2024,23,10,October,4,2024,43,Wednesday,FALSE
1393,24-10-2024,24,10,October,4,2024,43,Thursday,FALSE
1394,25-10-2024,25,10,October,4,2024,43,Friday,FALSE
1395,26-10-2024,26,10,October,4,2024,43,Saturday,TRUE
1396,27-10-2024,27,10,October,4,2024,43,Sunday,TRUE
1397,28-10-2024,28,10,October,4,2024,44,Monday,FALSE
1398,29-10-2024,29,10,October,4,2024,44,Tuesday,FALSE
1399,30-10-2024,30,10,October,4,2024,44,Wednesday,FALSE
1400,31-10-2024,31,10,October,4,2024,44,Thursday,FALSE
1401,01-11-2024,1,11,November,4,2024,44,Friday,FALSE
1402,02-11-2024,2,11,November,4,2024,44,Saturday,TRUE
1403,03-11-2024,3,11,November,4,2024,44,Sunday,TRUE
1404,04-11-2024,4,11,November,4,2024,45,Monday,FALSE
1405,05-11-2024,5,11,November,4,2024,45,Tuesday,FALSE
1406,06-11-2024,6,11,November,4,2024,45,Wednesday,FALSE
1407,07-11-2024,7,11,November,4,2024,45,Thursday,FALSE
1408,08-11-2024,8,11,November,4,2024,45,Friday,FALSE
1409,09-11-2024,9,11,November,4,2024,45,Saturday,TRUE
1410,10-11-2024,10,11,November,4,2024,45,Sunday,TRUE
1411,11-11-2024,11,11,November,4,2024,46,Monday,FALSE
1412,12-11-2024,12,11,November,4,2024,46,Tuesday,FALSE
1413,13-11-2024,13,11,November,4,2024,46,Wednesday,FALSE
1414,14-11-2024,14,11,November,4,2024,46,Thursday,FALSE
1415,15-11-2024,15,11,November,4,2024,46,Friday,FALSE
1416,16-11-2024,16,11,November,4,2024,46,Saturday,TRUE
1417,17-11-2024,17,11,November,4,2024,46,Sunday,TRUE
1418,18-11-2024,18,11,November,4,2024,47,Monday,FALSE
1419,19-11-2024,19,11,November,4,2024,47,Tuesday,FALSE
1420,20-11-2024,20,11,November,4,2024,47,Wednesday,FALSE
1421,21-11-2024,21,11,November,4,2024,47,Thursday,FALSE
1422,22-11-2024,22,11,November,4,2024,47,Friday,FALSE
1423,23-11-2024,23,11,November,4,2024,47,Saturday,TRUE
1424,24-11-2024,24,11,November,4,2024,47,Sunday,TRUE
1425,25-11-2024,25,11,November,4,2024,48,Monday,FALSE
1426,26-11-2024,26,11,November,4,2024,48,Tuesday,FALSE
1427,27-11-2024,27,11,November,4,2024,48,Wednesday,FALSE
1428,28-11-2024,28,11,November,4,2024,48,Thursday,FALSE
1429,29-11-2024,29,11,November,4,2024,48,Friday,FALSE
1430,30-11-2024,30,11,November,4,2024,48,Saturday,TRUE
1431,01-12-2024,1,12,December,4,2024,48,Sunday,TRUE
1432,02-12-2024,2,12,December,4,2024,49,Monday,FALSE
1433,03-12-2024,3,12,December,4,2024,49,Tuesday,FALSE
1434,04-12-2024,4,12,December,4,2024,49,Wednesday,FALSE
1435,05-12-2024,5,12,December,4,2024,49,Thursday,FALSE
1436,06-12-2024,6,12,December,4,2024,49,Friday,FALSE
1437,07-12-2024,7,12,December,4,2024,49,Saturday,TRUE
1438,08-12-2024,8,12,December,4,2024,49,Sunday,TRUE
1439,09-12-2024,9,12,December,4,2024,50,Monday,FALSE
1440,10-12-2024,10,12,December,4,2024,50,Tuesday,FALSE
1441,11-12-2024,11,12,December,4,2024,50,Wednesday,FALSE
1442,12-12-2024,12,12,December,4,2024,50,Thursday,FALSE
1443,13-12-2024,13,12,December,4,2024,50,Friday,FALSE
1444,14-12-2024,14,12,December,4,2024,50,Saturday,TRUE
1445,15-12-2024,15,12,December,4,2024,50,Sunday,TRUE
1446,16-12-2024,16,12,December,4,2024,51,Monday,FALSE
1447,17-12-2024,17,12,December,4,2024,51,Tuesday,FALSE
1448,18-12-2024,18,12,December,4,2024,51,Wednesday,FALSE
1449,19-12-2024,19,12,December,4,2024,51,Thursday,FALSE
1450,20-12-2024,20,12,December,4,2024,51,Friday,FALSE
1451,21-12-2024,21,12,December,4,2024,51,Saturday,TRUE
1452,22-12-2024,22,12,December,4,2024,51,Sunday,TRUE
1453,23-12-2024,23,12,December,4,2024,52,Monday,FALSE
1454,24-12-2024,24,12,December,4,2024,52,Tuesday,FALSE
1455,25-12-2024,25,12,December,4,2024,52,Wednesday,FALSE
1456,26-12-2024,26,12,December,4,2024,52,Thursday,FALSE
1457,27-12-2024,27,12,December,4,2024,52,Friday,FALSE
1458,28-12-2024,28,12,December,4,2024,52,Saturday,TRUE
1459,29-12-2024,29,12,December,4,2024,52,Sunday,TRUE
1460,30-12-2024,30,12,December,4,2024,1,Monday,FALSE
1461,31-12-2024,31,12,December,4,2024,1,Tuesday,FALSE
